,batch,D loss,G loss,"H(G(z,c)) loss","H(c, G(z,c)) loss","H(G(z,c) loss - H(c, G(z,c)) loss)"
0,0.0,0.6931966543197632,0.6884629726409912,2.2107851691544056e-06,0.0006988126551732421,-0.0006966018700040877
1,1.0,0.6931695938110352,0.6887335181236267,-3.1398303690366447e-07,0.00011606910265982151,-0.00011638308569672517
2,2.0,0.6931501626968384,0.6890142560005188,-4.177425580564886e-06,-0.0001913757878355682,0.0001871983622550033
3,3.0,0.6931247711181641,0.689288854598999,-8.638562576379627e-06,-0.00037455890560522676,0.00036592034302884713
4,4.0,0.6931037306785583,0.6895619630813599,-1.338271249551326e-05,0.0009956411086022854,-0.0010090238210977986
5,5.0,0.6930792927742004,0.6898322105407715,-1.9389059161767364e-05,-0.0005682207993231714,0.000548831740161404
6,6.0,0.6930631399154663,0.6900913715362549,-3.1637464417144656e-05,6.0327089158818126e-05,-9.196455357596278e-05
7,7.0,0.6930240392684937,0.6903411149978638,-4.519864160101861e-05,0.0005034315981902182,-0.0005486302397912368
8,8.0,0.6930069923400879,0.6905788779258728,-7.054548768792301e-05,9.77783347479999e-05,-0.00016832382243592292
9,9.0,0.6929763555526733,0.6908073425292969,-9.842784493230283e-05,-0.0011963893193751574,0.0010979614744428545
10,10.0,0.6929481029510498,0.6910351514816284,-0.00014725887740496546,0.0005968762561678886,-0.0007441351335728541
11,11.0,0.6928939819335938,0.6912458539009094,-0.00021656652097590268,-0.00010377244325354695,-0.00011279407772235572
12,12.0,0.6928616762161255,0.6914465427398682,-0.0003122942289337516,0.00036818126682192087,-0.0006804754957556725
13,13.0,0.6928519010543823,0.6916053295135498,-0.00048551117652095854,-0.0009966343641281128,0.0005111231876071543
14,14.0,0.692824125289917,0.6917598247528076,-0.000710565596818924,-0.0007644265424460173,5.3860945627093315e-05
15,15.0,0.692768394947052,0.6919142603874207,-0.0010349079966545105,-0.0023685768246650696,0.001333668828010559
16,16.0,0.6927695870399475,0.6920260190963745,-0.001376803731545806,-0.0021963766776025295,0.0008195729460567236
17,17.0,0.6927357912063599,0.6921162009239197,-0.001961988629773259,-0.0004683095612563193,-0.0014936790685169399
18,18.0,0.6927202939987183,0.6921926736831665,-0.002979784272611141,-0.003015145193785429,3.5360921174287796e-05
19,19.0,0.6927892565727234,0.6921501755714417,-0.00376969575881958,-0.004476412199437618,0.0007067164406180382
20,20.0,0.6927359104156494,0.692268431186676,-0.0051316143944859505,-0.005124165676534176,-7.448717951774597e-06
21,21.0,0.6926643252372742,0.6923305988311768,-0.007237526588141918,-0.0070548951625823975,-0.00018263142555952072
22,22.0,0.6927289962768555,0.6922062635421753,-0.009347233921289444,-0.00967633817344904,0.0003291042521595955
23,23.0,0.692743182182312,0.6923472881317139,-0.011649876832962036,-0.01195627823472023,0.00030640140175819397
24,24.0,0.6927934885025024,0.6923015117645264,-0.016563281416893005,-0.016781076788902283,0.00021779537200927734
25,25.0,0.6927498579025269,0.6924159526824951,-0.019121533259749413,-0.01913936249911785,1.782923936843872e-05
26,26.0,0.6928072571754456,0.6924114227294922,-0.02650957554578781,-0.026277346536517143,-0.00023222900927066803
27,27.0,0.6927924156188965,0.6925076246261597,-0.0334022119641304,-0.03353658691048622,0.0001343749463558197
28,28.0,0.6927921175956726,0.6925944685935974,-0.042162828147411346,-0.041116006672382355,-0.0010468214750289917
29,29.0,0.6927588582038879,0.6927943229675293,-0.05349665880203247,-0.05132530629634857,-0.002171352505683899
30,30.0,0.6927052736282349,0.692912220954895,-0.06234310567378998,-0.06038469821214676,-0.001958407461643219
31,31.0,0.6926887035369873,0.6929781436920166,-0.07800863683223724,-0.07581707090139389,-0.0021915659308433533
32,32.0,0.6926373243331909,0.6931660175323486,-0.08878310024738312,-0.08552911132574081,-0.0032539889216423035
33,33.0,0.692633867263794,0.6932476758956909,-0.10475443303585052,-0.10246984660625458,-0.0022845864295959473
34,34.0,0.692552924156189,0.6933342814445496,-0.12504874169826508,-0.12153944373130798,-0.0035092979669570923
35,35.0,0.6925469636917114,0.6933832168579102,-0.1433521807193756,-0.13811847567558289,-0.005233705043792725
36,36.0,0.6923999786376953,0.6936100721359253,-0.16100990772247314,-0.1553938090801239,-0.005616098642349243
37,37.0,0.6923938393592834,0.693678617477417,-0.19437149167060852,-0.18783734738826752,-0.006534144282341003
38,38.0,0.6922807693481445,0.6939361095428467,-0.2221447080373764,-0.21298688650131226,-0.009157821536064148
39,39.0,0.692115306854248,0.694158136844635,-0.2561061978340149,-0.24658308923244476,-0.00952310860157013
40,40.0,0.6920219659805298,0.6944283246994019,-0.2794938385486603,-0.26902854442596436,-0.010465294122695923
41,41.0,0.6918199062347412,0.694835364818573,-0.34869787096977234,-0.33558863401412964,-0.0131092369556427
42,42.0,0.691636323928833,0.6951407194137573,-0.3817346692085266,-0.36697885394096375,-0.014755815267562866
43,43.0,0.6914222240447998,0.6955958604812622,-0.42264971137046814,-0.4044850468635559,-0.01816466450691223
44,44.0,0.6914085149765015,0.6955274939537048,-0.5003174543380737,-0.4783843159675598,-0.021933138370513916
45,45.0,0.690990686416626,0.6962324380874634,-0.5640046000480652,-0.53899085521698,-0.025013744831085205
46,46.0,0.6906728744506836,0.6968649625778198,-0.5797145366668701,-0.5553650856018066,-0.024349451065063477
47,47.0,0.6905901432037354,0.6970940232276917,-0.652042031288147,-0.6235805749893188,-0.028461456298828125
48,48.0,0.6900554895401001,0.697882890701294,-0.7698025703430176,-0.736356258392334,-0.033446311950683594
49,49.0,0.689892053604126,0.6976321935653687,-0.9073850512504578,-0.8680033683776855,-0.03938168287277222
50,50.0,0.6892722845077515,0.6985146999359131,-0.9956047534942627,-0.9536714553833008,-0.041933298110961914
51,51.0,0.6890348196029663,0.6991051435470581,-1.0889254808425903,-1.043776512145996,-0.04514896869659424
52,52.0,0.6886719465255737,0.6998864412307739,-1.1575899124145508,-1.1090413331985474,-0.04854857921600342
53,53.0,0.6878159046173096,0.7017992734909058,-1.3705803155899048,-1.3136529922485352,-0.05692732334136963
54,54.0,0.6882954835891724,0.7003315091133118,-1.5548908710479736,-1.4912316799163818,-0.0636591911315918
55,55.0,0.6864140033721924,0.7028993964195251,-1.6070077419281006,-1.5432686805725098,-0.06373906135559082
56,56.0,0.6873029470443726,0.7012795209884644,-1.8364366292953491,-1.7648457288742065,-0.07159090042114258
57,57.0,0.685389518737793,0.7048730850219727,-2.019092321395874,-1.9395508766174316,-0.07954144477844238
58,58.0,0.6855841279029846,0.70406574010849,-2.2163405418395996,-2.133336305618286,-0.08300423622131348
59,59.0,0.6852225065231323,0.7037999033927917,-2.6442339420318604,-2.5461537837982178,-0.09808015823364258
60,60.0,0.6845605373382568,0.7034024596214294,-2.579261541366577,-2.486372947692871,-0.09288859367370605
61,61.0,0.6840382814407349,0.7037193775177002,-2.7279021739959717,-2.633545398712158,-0.09435677528381348
62,62.0,0.6827504634857178,0.7054394483566284,-2.987936496734619,-2.8858795166015625,-0.10205698013305664
63,63.0,0.6804426908493042,0.7104068994522095,-3.512132406234741,-3.39620304107666,-0.11592936515808105
64,64.0,0.6819400787353516,0.7084273099899292,-3.814952850341797,-3.6897294521331787,-0.12522339820861816
65,65.0,0.680214524269104,0.7085387706756592,-3.953951358795166,-3.8306727409362793,-0.12327861785888672
66,66.0,0.680286169052124,0.7090792655944824,-4.628507614135742,-4.482320308685303,-0.14618730545043945
67,67.0,0.6772781610488892,0.7135890126228333,-4.259176254272461,-4.145147800445557,-0.1140284538269043
68,68.0,0.6768771409988403,0.7189993858337402,-5.006410121917725,-4.865289688110352,-0.14112043380737305
69,69.0,0.681452214717865,0.706400454044342,-5.660976409912109,-5.500250816345215,-0.16072559356689453
70,70.0,0.6714403629302979,0.7258830070495605,-5.876381874084473,-5.720008850097656,-0.1563730239868164
71,71.0,0.6804161071777344,0.7065727710723877,-5.804754257202148,-5.666176795959473,-0.13857746124267578
72,72.0,0.6756484508514404,0.7167233228683472,-6.692975997924805,-6.533374786376953,-0.15960121154785156
73,73.0,0.6730521321296692,0.7207739353179932,-7.342686653137207,-7.159409999847412,-0.18327665328979492
74,74.0,0.6700705289840698,0.7259466052055359,-7.77707576751709,-7.59810733795166,-0.1789684295654297
75,75.0,0.6701005697250366,0.7247315049171448,-8.057894706726074,-7.8823676109313965,-0.17552709579467773
76,76.0,0.6707032918930054,0.7237195372581482,-8.295613288879395,-8.118721961975098,-0.17689132690429688
77,77.0,0.674721360206604,0.7202188968658447,-8.658659934997559,-8.489326477050781,-0.16933345794677734
78,78.0,0.6673009991645813,0.7300792932510376,-9.27849006652832,-9.098012924194336,-0.18047714233398438
79,79.0,0.6701459884643555,0.7253845930099487,-9.779036521911621,-9.587516784667969,-0.19151973724365234
80,80.0,0.669183611869812,0.7252787947654724,-10.297914505004883,-10.119993209838867,-0.17792129516601562
81,81.0,0.6705302000045776,0.7180722951889038,-10.748786926269531,-10.56833267211914,-0.18045425415039062
82,82.0,0.6621079444885254,0.7346736192703247,-11.0239839553833,-10.844148635864258,-0.17983531951904297
83,83.0,0.6636984944343567,0.7322328090667725,-11.859517097473145,-11.668578147888184,-0.19093894958496094
84,84.0,0.6688216924667358,0.7192443609237671,-12.357950210571289,-12.181943893432617,-0.17600631713867188
85,85.0,0.6662667989730835,0.7204155921936035,-13.07937240600586,-12.885359764099121,-0.19401264190673828
86,86.0,0.6636175513267517,0.7338074445724487,-13.83675765991211,-13.62886905670166,-0.20788860321044922
87,87.0,0.6594784259796143,0.7358369827270508,-14.588461875915527,-14.36121940612793,-0.22724246978759766
88,88.0,0.6682677268981934,0.7333540916442871,-14.355724334716797,-14.173911094665527,-0.18181324005126953
89,89.0,0.6614187955856323,0.7342361211776733,-16.133651733398438,-15.887314796447754,-0.2463369369506836
90,90.0,0.6595902442932129,0.7434598207473755,-15.301774978637695,-15.112804412841797,-0.18897056579589844
91,91.0,0.6613415479660034,0.7312476634979248,-16.20830535888672,-16.004297256469727,-0.2040081024169922
92,92.0,0.6519984006881714,0.746231198310852,-16.8670654296875,-16.651567459106445,-0.2154979705810547
93,93.0,0.663212239742279,0.7255748510360718,-17.07730484008789,-16.893630981445312,-0.18367385864257812
94,94.0,0.6596685647964478,0.7286117672920227,-18.70503807067871,-18.451337814331055,-0.25370025634765625
95,95.0,0.6686532497406006,0.7310425043106079,-18.55668830871582,-18.34664535522461,-0.21004295349121094
96,96.0,0.6738978028297424,0.7257665991783142,-19.15650177001953,-18.93301773071289,-0.22348403930664062
97,97.0,0.6553954482078552,0.7284780144691467,-19.58563232421875,-19.345701217651367,-0.2399311065673828
98,98.0,0.671476423740387,0.694067656993866,-20.440067291259766,-20.199138641357422,-0.24092864990234375
99,99.0,0.6739475131034851,0.7033944129943848,-20.935386657714844,-20.7135009765625,-0.22188568115234375
100,100.0,0.6782746315002441,0.7000157237052917,-21.455337524414062,-21.25365447998047,-0.20168304443359375
101,101.0,0.6785682439804077,0.6976379156112671,-22.024280548095703,-21.816871643066406,-0.20740890502929688
102,102.0,0.6782013177871704,0.6814026236534119,-22.22800636291504,-21.964040756225586,-0.2639656066894531
103,103.0,0.6832408905029297,0.67762690782547,-23.28561019897461,-23.034523010253906,-0.2510871887207031
104,104.0,0.686812162399292,0.6725616455078125,-24.040542602539062,-23.783557891845703,-0.2569847106933594
105,105.0,0.6885773539543152,0.6612908244132996,-23.80361557006836,-23.562040328979492,-0.2415752410888672
106,106.0,0.6947066783905029,0.6543159484863281,-24.81319236755371,-24.597103118896484,-0.21608924865722656
107,107.0,0.6971069574356079,0.6428382396697998,-25.541053771972656,-25.255218505859375,-0.28583526611328125
108,108.0,0.6974729299545288,0.6463238000869751,-26.38833999633789,-26.09201431274414,-0.29632568359375
109,109.0,0.694808840751648,0.6400172114372253,-28.088260650634766,-27.74169921875,-0.3465614318847656
110,110.0,0.6963561177253723,0.6338253021240234,-28.60012435913086,-28.217376708984375,-0.3827476501464844
111,111.0,0.6971353888511658,0.6301308274269104,-27.666152954101562,-27.326112747192383,-0.3400402069091797
112,112.0,0.6953145265579224,0.6334350109100342,-29.076370239257812,-28.749195098876953,-0.3271751403808594
113,113.0,0.6952266693115234,0.6331664323806763,-29.06238555908203,-28.709571838378906,-0.352813720703125
114,114.0,0.6980804204940796,0.6341779232025146,-30.926639556884766,-30.48934555053711,-0.43729400634765625
115,115.0,0.6977839469909668,0.6362395882606506,-30.55956268310547,-30.204683303833008,-0.35487937927246094
116,116.0,0.7020933628082275,0.6278355121612549,-30.85326385498047,-30.444660186767578,-0.4086036682128906
117,117.0,0.6943023800849915,0.637563943862915,-31.896034240722656,-31.465373992919922,-0.4306602478027344
118,118.0,0.6972272396087646,0.6367183327674866,-34.40849304199219,-33.86832046508789,-0.5401725769042969
119,119.0,0.6971961259841919,0.6388642191886902,-34.1356201171875,-33.59660339355469,-0.5390167236328125
120,120.0,0.6946465373039246,0.6443648338317871,-35.026947021484375,-34.509193420410156,-0.5177536010742188
121,121.0,0.6969634890556335,0.6456026434898376,-37.06653594970703,-36.40849304199219,-0.6580429077148438
122,122.0,0.6906884908676147,0.6555595993995667,-37.22405242919922,-36.55542755126953,-0.6686248779296875
123,123.0,0.690407395362854,0.6644971966743469,-38.508087158203125,-37.862403869628906,-0.6456832885742188
124,124.0,0.6893751621246338,0.662263810634613,-38.64787292480469,-37.96421813964844,-0.68365478515625
125,125.0,0.6882701516151428,0.6681162118911743,-39.712860107421875,-38.958255767822266,-0.7546043395996094
126,126.0,0.6913641691207886,0.6678627133369446,-39.9427490234375,-39.18269348144531,-0.7600555419921875
127,127.0,0.6866040825843811,0.6744495630264282,-40.01026916503906,-39.1117057800293,-0.8985633850097656
128,128.0,0.6882620453834534,0.6746740341186523,-42.77809143066406,-41.99370574951172,-0.7843856811523438
129,129.0,0.6877607107162476,0.6751546859741211,-44.049354553222656,-43.118404388427734,-0.9309501647949219
130,130.0,0.6902177929878235,0.6782809495925903,-45.02947235107422,-44.13353729248047,-0.89593505859375
131,131.0,0.6901368498802185,0.6766595244407654,-46.395103454589844,-45.379119873046875,-1.0159835815429688
132,132.0,0.6911545395851135,0.675540566444397,-45.828285217285156,-44.96697235107422,-0.8613128662109375
133,133.0,0.6937300562858582,0.6795772314071655,-47.24162673950195,-46.41618347167969,-0.8254432678222656
134,134.0,0.6969400644302368,0.6714595556259155,-46.76164627075195,-45.87831115722656,-0.8833351135253906
135,135.0,0.696878969669342,0.6757388114929199,-49.60443878173828,-48.60519790649414,-0.9992408752441406
136,136.0,0.6974299550056458,0.6722378730773926,-50.44691848754883,-49.33642578125,-1.1104927062988281
137,137.0,0.6964398622512817,0.6752313375473022,-48.54391098022461,-47.41619873046875,-1.1277122497558594
138,138.0,0.6980422735214233,0.6758044958114624,-51.66508483886719,-50.6019287109375,-1.0631561279296875
139,139.0,0.6975862383842468,0.6748992204666138,-52.492820739746094,-51.46122360229492,-1.0315971374511719
140,140.0,0.6938568353652954,0.6760035753250122,-51.85306167602539,-50.774757385253906,-1.0783042907714844
141,141.0,0.6933852434158325,0.6807821393013,-53.027748107910156,-51.995765686035156,-1.031982421875
142,142.0,0.6935527324676514,0.6762176752090454,-54.588600158691406,-53.51400375366211,-1.0745964050292969
143,143.0,0.69280606508255,0.6766302585601807,-57.14750671386719,-56.04639434814453,-1.1011123657226562
144,144.0,0.6930166482925415,0.6749969720840454,-57.06257629394531,-55.93299865722656,-1.12957763671875
145,145.0,0.6909630298614502,0.6760875582695007,-55.62424087524414,-54.3074836730957,-1.3167572021484375
146,146.0,0.6912851333618164,0.679629921913147,-59.932037353515625,-58.692169189453125,-1.2398681640625
147,147.0,0.6873779892921448,0.6812049150466919,-59.83939743041992,-58.582244873046875,-1.2571525573730469
148,148.0,0.6924547553062439,0.6781647205352783,-62.4507942199707,-61.15950012207031,-1.2912940979003906
149,149.0,0.688644528388977,0.6815292239189148,-62.96487808227539,-61.670719146728516,-1.294158935546875
150,150.0,0.6897000074386597,0.67992103099823,-64.129638671875,-62.82207489013672,-1.3075637817382812
151,151.0,0.6868207454681396,0.678790807723999,-63.83778381347656,-62.455955505371094,-1.3818283081054688
152,152.0,0.6897455453872681,0.6767699718475342,-67.18225860595703,-65.77761840820312,-1.4046401977539062
153,153.0,0.6870273351669312,0.6774008274078369,-68.46245574951172,-67.04747009277344,-1.4149856567382812
154,154.0,0.687204122543335,0.6755634546279907,-68.33402252197266,-66.89825439453125,-1.4357681274414062
155,155.0,0.6904210448265076,0.6795502305030823,-69.23910522460938,-67.71146392822266,-1.5276412963867188
156,156.0,0.6887977719306946,0.68528151512146,-70.84845733642578,-69.39983367919922,-1.4486236572265625
157,157.0,0.6891211271286011,0.6845304369926453,-72.0857162475586,-70.5264663696289,-1.5592498779296875
158,158.0,0.6882317066192627,0.6885586977005005,-72.29545593261719,-70.79915618896484,-1.4962997436523438
159,159.0,0.6882169842720032,0.6923745274543762,-71.48311614990234,-69.98326110839844,-1.4998550415039062
160,160.0,0.6849062442779541,0.7002031207084656,-73.90003204345703,-72.3016357421875,-1.5983963012695312
161,161.0,0.6897668838500977,0.7023777961730957,-73.42662811279297,-71.88957214355469,-1.5370559692382812
162,162.0,0.6875813007354736,0.7072986364364624,-75.74610900878906,-74.14886474609375,-1.5972442626953125
163,163.0,0.6874151229858398,0.7091161608695984,-75.47530364990234,-73.90509796142578,-1.5702056884765625
164,164.0,0.6865279674530029,0.7088961601257324,-77.56158447265625,-75.86785125732422,-1.6937332153320312
165,165.0,0.6885719299316406,0.7088785767555237,-77.96636199951172,-76.38681030273438,-1.5795516967773438
166,166.0,0.6929171085357666,0.7128421664237976,-78.09830474853516,-76.52006530761719,-1.5782394409179688
167,167.0,0.6943056583404541,0.7119549512863159,-80.07855224609375,-78.44573211669922,-1.6328201293945312
168,168.0,0.6864138841629028,0.7125762701034546,-81.15833282470703,-79.54948425292969,-1.6088485717773438
169,169.0,0.6930505037307739,0.7111617922782898,-80.16107177734375,-78.54331970214844,-1.6177520751953125
170,170.0,0.7006956934928894,0.7010342478752136,-83.8238296508789,-82.1768798828125,-1.6469497680664062
171,171.0,0.6959922313690186,0.7027411460876465,-83.31842041015625,-81.7139892578125,-1.60443115234375
172,172.0,0.6997838020324707,0.7044727802276611,-84.34046936035156,-82.76165771484375,-1.5788116455078125
173,173.0,0.6971457600593567,0.7004013061523438,-85.82974243164062,-84.19338989257812,-1.6363525390625
174,174.0,0.6986887454986572,0.7077670097351074,-86.66143798828125,-85.02680969238281,-1.6346282958984375
175,175.0,0.6967580318450928,0.7034243941307068,-87.20555877685547,-85.55101013183594,-1.6545486450195312
176,176.0,0.6946495771408081,0.7116577625274658,-87.44950866699219,-85.84607696533203,-1.6034317016601562
177,177.0,0.692237377166748,0.7102044820785522,-87.89988708496094,-86.22747802734375,-1.6724090576171875
178,178.0,0.6933242082595825,0.7114548683166504,-89.54202270507812,-87.90080261230469,-1.6412200927734375
179,179.0,0.6933677196502686,0.7162073850631714,-91.02813720703125,-89.3442153930664,-1.6839218139648438
180,180.0,0.6966454982757568,0.7088208198547363,-92.74092102050781,-90.96554565429688,-1.7753753662109375
181,181.0,0.6922460794448853,0.7110339999198914,-92.45112609863281,-90.6805191040039,-1.7706069946289062
182,182.0,0.6895016431808472,0.7086309194564819,-94.9715576171875,-93.15328979492188,-1.818267822265625
183,183.0,0.6954272985458374,0.7039146423339844,-91.51679992675781,-89.64857482910156,-1.86822509765625
184,184.0,0.6934730410575867,0.7045995593070984,-96.65829467773438,-94.81649780273438,-1.841796875
185,185.0,0.6939237117767334,0.6982430815696716,-97.7874526977539,-95.89979553222656,-1.8876571655273438
186,186.0,0.695017397403717,0.6952820420265198,-97.92417907714844,-96.10429382324219,-1.81988525390625
187,187.0,0.6916606426239014,0.6958112716674805,-98.46477508544922,-96.67356872558594,-1.7912063598632812
188,188.0,0.6915611028671265,0.6911965012550354,-101.49344635009766,-99.56182861328125,-1.9316177368164062
189,189.0,0.6918841600418091,0.690293550491333,-97.80403137207031,-95.9771499633789,-1.8268814086914062
190,190.0,0.6924433708190918,0.686951756477356,-102.85919189453125,-100.91177368164062,-1.947418212890625
191,191.0,0.6919428110122681,0.6844503879547119,-101.7859115600586,-99.78543090820312,-2.0004806518554688
192,192.0,0.6932204961776733,0.6818941831588745,-103.23723602294922,-101.300537109375,-1.9366989135742188
193,193.0,0.6922804117202759,0.6840533018112183,-105.49107360839844,-103.49940490722656,-1.991668701171875
194,194.0,0.6942322254180908,0.6795828342437744,-106.4683609008789,-104.48369598388672,-1.9846649169921875
195,195.0,0.6899256706237793,0.6862876415252686,-105.620849609375,-103.6998291015625,-1.9210205078125
196,196.0,0.6937839984893799,0.6827934980392456,-107.51298522949219,-105.52568054199219,-1.9873046875
197,197.0,0.6926518678665161,0.684562087059021,-107.59810638427734,-105.6063232421875,-1.9917831420898438
198,198.0,0.6929090023040771,0.6880162954330444,-106.6954574584961,-104.44029235839844,-2.2551651000976562
199,199.0,0.6886962652206421,0.6897495985031128,-111.05653381347656,-108.90238952636719,-2.154144287109375
200,200.0,0.6926444172859192,0.6889157295227051,-113.11192321777344,-110.89889526367188,-2.2130279541015625
201,201.0,0.6902898550033569,0.6911312341690063,-111.70796203613281,-109.50531005859375,-2.2026519775390625
202,202.0,0.6909499168395996,0.6906760931015015,-112.03721618652344,-110.01261901855469,-2.02459716796875
203,203.0,0.6928132772445679,0.6882966756820679,-114.71966552734375,-112.60172271728516,-2.1179428100585938
204,204.0,0.6944425106048584,0.689559280872345,-117.118408203125,-114.91695404052734,-2.2014541625976562
205,205.0,0.692623496055603,0.6878036260604858,-117.36312866210938,-115.1988296508789,-2.1642990112304688
206,206.0,0.692057728767395,0.6879749298095703,-118.96683502197266,-116.79503631591797,-2.1717987060546875
207,207.0,0.6897920370101929,0.6894703507423401,-119.014404296875,-116.91551208496094,-2.0988922119140625
208,208.0,0.6947574615478516,0.6899278163909912,-119.22177124023438,-116.99320983886719,-2.2285614013671875
209,209.0,0.6906481981277466,0.6923189759254456,-121.83976745605469,-119.5429458618164,-2.2968215942382812
210,210.0,0.6935096383094788,0.6884981393814087,-123.21841430664062,-120.9541015625,-2.264312744140625
211,211.0,0.6926311254501343,0.6898860931396484,-123.53955078125,-121.24455261230469,-2.2949981689453125
212,212.0,0.6935898661613464,0.6905399560928345,-124.52162170410156,-122.29725646972656,-2.224365234375
213,213.0,0.692959189414978,0.6920257806777954,-125.59748840332031,-123.33611297607422,-2.2613754272460938
214,214.0,0.691851019859314,0.6907598376274109,-126.55419921875,-124.359375,-2.19482421875
215,215.0,0.6935405731201172,0.6902704834938049,-129.7181396484375,-127.40348052978516,-2.3146591186523438
216,216.0,0.6934572458267212,0.6924490332603455,-130.89256286621094,-128.54957580566406,-2.342987060546875
217,217.0,0.6918989419937134,0.6933421492576599,-132.0867919921875,-129.7123260498047,-2.3744659423828125
218,218.0,0.6907883882522583,0.6921921968460083,-132.0058135986328,-129.66751098632812,-2.3383026123046875
219,219.0,0.6965252161026001,0.6928654909133911,-132.918701171875,-130.5629119873047,-2.3557891845703125
220,220.0,0.6911827325820923,0.6954676508903503,-134.06399536132812,-131.73573303222656,-2.3282623291015625
221,221.0,0.6916220188140869,0.6943026185035706,-137.98641967773438,-135.47154235839844,-2.5148773193359375
222,222.0,0.6910206079483032,0.6954301595687866,-138.1715087890625,-135.67904663085938,-2.492462158203125
223,223.0,0.6925325393676758,0.6931875348091125,-138.00140380859375,-135.48435974121094,-2.5170440673828125
224,224.0,0.6916119456291199,0.6936310529708862,-139.793701171875,-137.36181640625,-2.431884765625
225,225.0,0.6910400390625,0.6939117908477783,-141.54470825195312,-139.06027221679688,-2.48443603515625
226,226.0,0.6886961460113525,0.6965359449386597,-142.74276733398438,-140.2185516357422,-2.5242156982421875
227,227.0,0.6895730495452881,0.6949416399002075,-144.88043212890625,-142.3165283203125,-2.56390380859375
228,228.0,0.6967026591300964,0.6859159469604492,-145.8442840576172,-143.274658203125,-2.5696258544921875
229,229.0,0.689176082611084,0.6915173530578613,-146.91282653808594,-144.32553100585938,-2.5872955322265625
230,230.0,0.6905157566070557,0.6869271993637085,-148.01473999023438,-145.41116333007812,-2.60357666015625
231,231.0,0.6916226148605347,0.6907728314399719,-149.80909729003906,-147.15756225585938,-2.6515350341796875
232,232.0,0.6908509731292725,0.6891185641288757,-150.98193359375,-148.34280395507812,-2.639129638671875
233,233.0,0.6931895017623901,0.6834709644317627,-144.83395385742188,-141.99835205078125,-2.835601806640625
234,234.0,0.692137598991394,0.6898655891418457,-152.17257690429688,-149.54159545898438,-2.6309814453125
235,235.0,0.6906100511550903,0.6929225921630859,-152.10780334472656,-149.4773712158203,-2.63043212890625
236,236.0,0.6948679685592651,0.6909573078155518,-155.09713745117188,-152.40951538085938,-2.6876220703125
237,237.0,0.6939399242401123,0.6919502019882202,-156.0347900390625,-153.33840942382812,-2.696380615234375
238,238.0,0.6877416372299194,0.7008025646209717,-155.94830322265625,-153.22415161132812,-2.724151611328125
239,239.0,0.690341591835022,0.698554515838623,-159.1610107421875,-156.4249267578125,-2.736083984375
240,240.0,0.6919374465942383,0.6975885629653931,-159.2563018798828,-156.49923706054688,-2.7570648193359375
241,241.0,0.690883994102478,0.6991257667541504,-158.10775756835938,-155.399658203125,-2.708099365234375
242,242.0,0.6879109740257263,0.7012186646461487,-161.04238891601562,-158.33010864257812,-2.7122802734375
243,243.0,0.6874153017997742,0.7021851539611816,-162.4172821044922,-159.67042541503906,-2.746856689453125
244,244.0,0.687932014465332,0.7028347253799438,-162.08023071289062,-159.38095092773438,-2.69927978515625
245,245.0,0.6880263090133667,0.7020907998085022,-164.6496124267578,-161.8678741455078,-2.78173828125
246,246.0,0.6872711181640625,0.7021991014480591,-161.8157958984375,-158.94200134277344,-2.8737945556640625
247,247.0,0.687947690486908,0.6993793249130249,-166.52627563476562,-163.7259521484375,-2.800323486328125
248,248.0,0.6873601675033569,0.6964133977890015,-167.58663940429688,-164.79576110839844,-2.7908782958984375
249,249.0,0.6868720650672913,0.6942825317382812,-166.52700805664062,-163.84652709960938,-2.68048095703125
250,250.0,0.68680739402771,0.691436767578125,-168.59652709960938,-165.85946655273438,-2.737060546875
251,251.0,0.6870025992393494,0.6880625486373901,-170.94491577148438,-168.02645874023438,-2.91845703125
252,252.0,0.6848025321960449,0.6908268928527832,-171.74896240234375,-168.91610717773438,-2.832855224609375
253,253.0,0.6860630512237549,0.6857004761695862,-173.07810974121094,-170.1929931640625,-2.8851165771484375
254,254.0,0.6881545782089233,0.6838045120239258,-174.65200805664062,-171.75320434570312,-2.8988037109375
255,255.0,0.6860696077346802,0.6879933476448059,-175.81918334960938,-172.94998168945312,-2.86920166015625
256,256.0,0.6850203275680542,0.6893444061279297,-176.6529998779297,-173.76783752441406,-2.885162353515625
257,257.0,0.6879007816314697,0.6858170032501221,-178.33908081054688,-175.37574768066406,-2.9633331298828125
258,258.0,0.6906280517578125,0.6862640380859375,-178.6591339111328,-175.57925415039062,-3.0798797607421875
259,259.0,0.6879175901412964,0.685822606086731,-181.41156005859375,-178.32901000976562,-3.082550048828125
260,260.0,0.688634991645813,0.6852839589118958,-182.1778564453125,-179.13473510742188,-3.043121337890625
261,261.0,0.6911686658859253,0.6850254535675049,-180.26751708984375,-177.1087646484375,-3.15875244140625
262,262.0,0.6922146677970886,0.6812556982040405,-183.81326293945312,-180.718994140625,-3.094268798828125
263,263.0,0.6956306099891663,0.6826602220535278,-184.9293975830078,-181.7796630859375,-3.1497344970703125
264,264.0,0.6949423551559448,0.6863620281219482,-187.47073364257812,-184.37342834472656,-3.0973052978515625
265,265.0,0.7011560797691345,0.6802850961685181,-187.7147979736328,-184.61935424804688,-3.0954437255859375
266,266.0,0.6935463547706604,0.6926599144935608,-189.96255493164062,-186.92962646484375,-3.032928466796875
267,267.0,0.6980218887329102,0.6925595998764038,-191.87567138671875,-188.7555389404297,-3.1201324462890625
268,268.0,0.6990567445755005,0.689476728439331,-190.87794494628906,-187.86505126953125,-3.0128936767578125
269,269.0,0.6972827315330505,0.6932029128074646,-193.30670166015625,-190.18905639648438,-3.117645263671875
270,270.0,0.6979871988296509,0.6980258226394653,-190.23617553710938,-186.99407958984375,-3.242095947265625
271,271.0,0.6946117877960205,0.7029598951339722,-194.17160034179688,-191.08062744140625,-3.090972900390625
272,272.0,0.6940783262252808,0.7064189314842224,-195.90850830078125,-192.85116577148438,-3.057342529296875
273,273.0,0.6935243606567383,0.7074776291847229,-196.84945678710938,-193.80996704101562,-3.03948974609375
274,274.0,0.693802535533905,0.7060433626174927,-197.6572265625,-194.62322998046875,-3.03399658203125
275,275.0,0.6908869743347168,0.7074664831161499,-198.04861450195312,-195.0233154296875,-3.025299072265625
276,276.0,0.6947619915008545,0.7034042477607727,-198.62548828125,-195.65078735351562,-2.974700927734375
277,277.0,0.6918590068817139,0.7012059688568115,-192.11688232421875,-189.37557983398438,-2.741302490234375
278,278.0,0.6915818452835083,0.6960242986679077,-201.4740753173828,-198.40386962890625,-3.0702056884765625
279,279.0,0.6903373003005981,0.6942445039749146,-201.7570037841797,-198.71463012695312,-3.0423736572265625
280,280.0,0.6892654895782471,0.6937602162361145,-204.15798950195312,-201.06065368652344,-3.0973358154296875
281,281.0,0.6924383044242859,0.6865618228912354,-204.822998046875,-201.69326782226562,-3.129730224609375
282,282.0,0.6920620203018188,0.6861890554428101,-207.26553344726562,-204.09771728515625,-3.167816162109375
283,283.0,0.6925232410430908,0.6787464618682861,-208.53408813476562,-205.37753295898438,-3.15655517578125
284,284.0,0.6963986158370972,0.6754399538040161,-208.67300415039062,-205.52621459960938,-3.14678955078125
285,285.0,0.6946907043457031,0.672921895980835,-210.61322021484375,-207.39810180664062,-3.215118408203125
286,286.0,0.697607159614563,0.6702356338500977,-212.98532104492188,-209.75241088867188,-3.23291015625
287,287.0,0.6966007351875305,0.670993447303772,-214.74737548828125,-211.4623565673828,-3.2850189208984375
288,288.0,0.6984809637069702,0.6718674898147583,-214.4404296875,-211.1515655517578,-3.2888641357421875
289,289.0,0.692643404006958,0.677320122718811,-218.4786376953125,-215.13961791992188,-3.339019775390625
290,290.0,0.6933020353317261,0.6813637614250183,-219.24053955078125,-215.8903045654297,-3.3502349853515625
291,291.0,0.6927129030227661,0.6826139092445374,-220.2577362060547,-216.91604614257812,-3.3416900634765625
292,292.0,0.6937680244445801,0.6846192479133606,-221.83526611328125,-218.45156860351562,-3.383697509765625
293,293.0,0.6898438930511475,0.6899073719978333,-222.965087890625,-219.55596923828125,-3.40911865234375
294,294.0,0.6888875365257263,0.6950569152832031,-225.90023803710938,-222.4282989501953,-3.4719390869140625
295,295.0,0.6878288984298706,0.6946229934692383,-226.21372985839844,-222.75558471679688,-3.4581451416015625
296,296.0,0.689201831817627,0.6974724531173706,-228.27137756347656,-224.82366943359375,-3.4477081298828125
297,297.0,0.6869347095489502,0.7051087617874146,-230.18589782714844,-226.67926025390625,-3.5066375732421875
298,298.0,0.6886182427406311,0.7026508450508118,-232.2069549560547,-228.71095275878906,-3.496002197265625
299,299.0,0.6901388168334961,0.6994600296020508,-232.9788818359375,-229.43783569335938,-3.541046142578125
300,300.0,0.6905310153961182,0.7021385431289673,-234.2745361328125,-230.76490783691406,-3.5096282958984375
301,301.0,0.6913806200027466,0.7006887197494507,-235.7696533203125,-232.2585906982422,-3.5110626220703125
302,302.0,0.6924437284469604,0.6966160535812378,-237.4915313720703,-233.8729705810547,-3.618560791015625
303,303.0,0.688244104385376,0.7031773328781128,-237.45889282226562,-233.9093017578125,-3.549591064453125
304,304.0,0.6914044618606567,0.6974238157272339,-240.351806640625,-236.781982421875,-3.56982421875
305,305.0,0.6915538907051086,0.6951193809509277,-242.07467651367188,-238.44879150390625,-3.625885009765625
306,306.0,0.6926499605178833,0.6927564740180969,-243.1990203857422,-239.59487915039062,-3.6041412353515625
307,307.0,0.6941806077957153,0.6917049884796143,-242.7320556640625,-239.1991729736328,-3.5328826904296875
308,308.0,0.6931334137916565,0.6910213232040405,-245.3475341796875,-241.68214416503906,-3.6653900146484375
309,309.0,0.6929198503494263,0.694046676158905,-246.94760131835938,-243.33863830566406,-3.6089630126953125
310,310.0,0.6943325996398926,0.6931346654891968,-248.13145446777344,-244.4329071044922,-3.69854736328125
311,311.0,0.6952579021453857,0.693526566028595,-250.43896484375,-246.73651123046875,-3.70245361328125
312,312.0,0.6921234130859375,0.6986430883407593,-248.49234008789062,-244.94134521484375,-3.550994873046875
313,313.0,0.693703293800354,0.6987406611442566,-250.37611389160156,-246.58612060546875,-3.7899932861328125
314,314.0,0.6916382312774658,0.6989738941192627,-253.13104248046875,-249.419677734375,-3.71136474609375
315,315.0,0.6925786137580872,0.6991604566574097,-254.89852905273438,-251.21080017089844,-3.6877288818359375
316,316.0,0.6929503679275513,0.6983786225318909,-255.6122283935547,-251.93807983398438,-3.6741485595703125
317,317.0,0.6893424987792969,0.6990718841552734,-257.67913818359375,-253.94178771972656,-3.7373504638671875
318,318.0,0.6902899742126465,0.6980558633804321,-259.42730712890625,-255.63162231445312,-3.795684814453125
319,319.0,0.6885659694671631,0.7030444145202637,-260.5263366699219,-256.7644958496094,-3.7618408203125
320,320.0,0.6888777017593384,0.7029256820678711,-260.683837890625,-256.9574279785156,-3.726409912109375
321,321.0,0.6870665550231934,0.7073056101799011,-263.83441162109375,-259.9993896484375,-3.83502197265625
322,322.0,0.6867241859436035,0.7122148871421814,-264.48883056640625,-260.6694030761719,-3.819427490234375
323,323.0,0.687268853187561,0.7106928825378418,-266.95794677734375,-263.1287841796875,-3.82916259765625
324,324.0,0.6860318183898926,0.7154878377914429,-266.72784423828125,-262.91473388671875,-3.8131103515625
325,325.0,0.6846683621406555,0.7158892154693604,-267.4632263183594,-263.66546630859375,-3.797760009765625
326,326.0,0.6903790831565857,0.7146003246307373,-269.39776611328125,-265.5717468261719,-3.826019287109375
327,327.0,0.6910175085067749,0.7095506191253662,-266.3623352050781,-262.7687683105469,-3.59356689453125
328,328.0,0.6903110146522522,0.7059282064437866,-271.6528015136719,-267.8501892089844,-3.8026123046875
329,329.0,0.6886737942695618,0.7105177044868469,-270.3673095703125,-266.3643798828125,-4.0029296875
330,330.0,0.6927535533905029,0.7009317874908447,-272.01214599609375,-268.28887939453125,-3.7232666015625
331,331.0,0.6938953399658203,0.7028272151947021,-273.047119140625,-269.2981262207031,-3.748992919921875
332,332.0,0.6924239993095398,0.7033593654632568,-274.2127380371094,-270.482421875,-3.730316162109375
333,333.0,0.6941961050033569,0.6987956762313843,-274.9066162109375,-271.19482421875,-3.7117919921875
334,334.0,0.6922788619995117,0.7009327411651611,-277.80126953125,-273.97552490234375,-3.82574462890625
335,335.0,0.6914947628974915,0.7039780616760254,-278.8372802734375,-275.06365966796875,-3.77362060546875
336,336.0,0.6915192008018494,0.701624870300293,-280.40716552734375,-276.62249755859375,-3.78466796875
337,337.0,0.6895233392715454,0.7033151388168335,-281.6882019042969,-277.9118957519531,-3.77630615234375
338,338.0,0.6921956539154053,0.6975536346435547,-281.59423828125,-277.86297607421875,-3.73126220703125
339,339.0,0.6914470195770264,0.6968998908996582,-284.43255615234375,-280.6529541015625,-3.77960205078125
340,340.0,0.6895837187767029,0.6976721286773682,-286.60205078125,-282.7508544921875,-3.8511962890625
341,341.0,0.6895456314086914,0.6954729557037354,-286.1739196777344,-282.2063903808594,-3.967529296875
342,342.0,0.688948392868042,0.694299578666687,-287.16705322265625,-283.4219055175781,-3.745147705078125
343,343.0,0.6890128254890442,0.6917946934700012,-290.62542724609375,-286.7784423828125,-3.84698486328125
344,344.0,0.6910315155982971,0.6873149871826172,-292.47119140625,-288.60400390625,-3.8671875
345,345.0,0.6892600059509277,0.6885428428649902,-294.2033996582031,-290.2508544921875,-3.952545166015625
346,346.0,0.6900113821029663,0.6861905455589294,-296.26251220703125,-292.2532958984375,-4.00921630859375
347,347.0,0.6907274723052979,0.6854475736618042,-296.2632141113281,-292.23480224609375,-4.028411865234375
348,348.0,0.6884279847145081,0.6839843988418579,-298.6138610839844,-294.6441650390625,-3.969696044921875
349,349.0,0.6894316673278809,0.6812896132469177,-300.4022216796875,-296.440185546875,-3.9620361328125
350,350.0,0.6941013932228088,0.6759481430053711,-300.1941223144531,-296.2566223144531,-3.9375
351,351.0,0.6910191774368286,0.6776813268661499,-303.54449462890625,-299.53253173828125,-4.011962890625
352,352.0,0.6925691962242126,0.6783525943756104,-302.84881591796875,-298.74853515625,-4.10028076171875
353,353.0,0.6962661147117615,0.6728553771972656,-307.50543212890625,-303.4063720703125,-4.09906005859375
354,354.0,0.6935442686080933,0.6789071559906006,-307.71759033203125,-303.5408935546875,-4.17669677734375
355,355.0,0.6900854110717773,0.687472403049469,-310.84613037109375,-306.72772216796875,-4.118408203125
356,356.0,0.6917242407798767,0.6865086555480957,-311.4474182128906,-307.1911926269531,-4.2562255859375
357,357.0,0.6912409663200378,0.6905157566070557,-314.175537109375,-310.01898193359375,-4.15655517578125
358,358.0,0.6895644068717957,0.6973233222961426,-314.6358642578125,-310.4543762207031,-4.181488037109375
359,359.0,0.6896148324012756,0.7009204626083374,-316.93341064453125,-312.8206787109375,-4.11273193359375
360,360.0,0.6863704919815063,0.7046894431114197,-318.3109130859375,-314.11328125,-4.1976318359375
361,361.0,0.6840240955352783,0.7095065712928772,-320.3240051269531,-316.16229248046875,-4.161712646484375
362,362.0,0.6858064532279968,0.7089995741844177,-321.30401611328125,-317.1859130859375,-4.11810302734375
363,363.0,0.6866961717605591,0.7101706266403198,-322.8152160644531,-318.6663818359375,-4.148834228515625
364,364.0,0.6874980926513672,0.7128863334655762,-324.4253234863281,-320.1990966796875,-4.226226806640625
365,365.0,0.687052845954895,0.7125996351242065,-324.3369140625,-320.23828125,-4.0986328125
366,366.0,0.6900092959403992,0.7037357091903687,-326.42425537109375,-322.25341796875,-4.17083740234375
367,367.0,0.6908537745475769,0.6987001895904541,-328.82269287109375,-324.5979309082031,-4.224761962890625
368,368.0,0.6941964626312256,0.6963525414466858,-329.0233459472656,-324.8564453125,-4.166900634765625
369,369.0,0.69189453125,0.6922966241836548,-331.6233825683594,-327.4102783203125,-4.213104248046875
370,370.0,0.6930118799209595,0.6923363208770752,-333.6649475097656,-329.410400390625,-4.254547119140625
371,371.0,0.695907473564148,0.6881283521652222,-333.82330322265625,-329.60009765625,-4.22320556640625
372,372.0,0.6964000463485718,0.6874839067459106,-336.48211669921875,-332.205078125,-4.27703857421875
373,373.0,0.6950653791427612,0.6862004995346069,-338.0756530761719,-333.7891845703125,-4.286468505859375
374,374.0,0.6976161599159241,0.6863971948623657,-339.3879089355469,-335.1080322265625,-4.279876708984375
375,375.0,0.695315957069397,0.6840742230415344,-341.00189208984375,-336.7031555175781,-4.298736572265625
376,376.0,0.6965534687042236,0.684972882270813,-342.1333923339844,-337.83929443359375,-4.294097900390625
377,377.0,0.6966649293899536,0.682830810546875,-344.5006408691406,-340.15057373046875,-4.350067138671875
378,378.0,0.6924563646316528,0.6827806234359741,-346.0352783203125,-341.6771240234375,-4.358154296875
379,379.0,0.6924371719360352,0.6828378438949585,-346.87786865234375,-342.5507507324219,-4.327117919921875
380,380.0,0.6884296536445618,0.6836385130882263,-348.40380859375,-344.0487060546875,-4.3551025390625
381,381.0,0.6877707242965698,0.6855447292327881,-350.2781982421875,-345.91162109375,-4.3665771484375
382,382.0,0.6891467571258545,0.6869188547134399,-352.11175537109375,-347.71417236328125,-4.3975830078125
383,383.0,0.688401460647583,0.6866225004196167,-353.95111083984375,-349.5574645996094,-4.393646240234375
384,384.0,0.6868829727172852,0.6908063888549805,-355.54400634765625,-351.0799560546875,-4.46405029296875
385,385.0,0.6843897104263306,0.695250391960144,-357.43072509765625,-352.98956298828125,-4.441162109375
386,386.0,0.6860369443893433,0.693770170211792,-359.419921875,-354.9472961425781,-4.472625732421875
387,387.0,0.6841431856155396,0.6958341002464294,-359.8492736816406,-355.278076171875,-4.571197509765625
388,388.0,0.6847456693649292,0.6967774033546448,-362.27044677734375,-357.7469177246094,-4.523529052734375
389,389.0,0.683601438999176,0.6991974711418152,-364.4520568847656,-359.95062255859375,-4.501434326171875
390,390.0,0.6852254867553711,0.7019070386886597,-366.0470886230469,-361.48779296875,-4.559295654296875
391,391.0,0.6854872107505798,0.7017927169799805,-367.916259765625,-363.36090087890625,-4.55535888671875
392,392.0,0.6881411671638489,0.6965336203575134,-368.7314147949219,-364.2312316894531,-4.50018310546875
393,393.0,0.6847101449966431,0.7036694288253784,-371.66888427734375,-367.111328125,-4.55755615234375
394,394.0,0.6896288394927979,0.70126873254776,-371.3633117675781,-366.90301513671875,-4.460296630859375
395,395.0,0.6870747208595276,0.705457329750061,-374.4100646972656,-369.85296630859375,-4.557098388671875
396,396.0,0.6909160614013672,0.7032188773155212,-376.07879638671875,-371.49444580078125,-4.5843505859375
397,397.0,0.6922742128372192,0.7113263607025146,-377.13995361328125,-372.5172119140625,-4.62274169921875
398,398.0,0.6874639391899109,0.7126399278640747,-376.7111511230469,-372.22479248046875,-4.486358642578125
399,399.0,0.6886438131332397,0.7138763666152954,-379.35577392578125,-374.83514404296875,-4.5206298828125
400,400.0,0.6929853558540344,0.710593581199646,-381.888671875,-377.3076171875,-4.5810546875
401,401.0,0.6848878264427185,0.7128431797027588,-381.75042724609375,-377.232666015625,-4.51776123046875
402,402.0,0.6877658367156982,0.7125155925750732,-384.5535888671875,-380.0208740234375,-4.53271484375
403,403.0,0.6824526786804199,0.7131243944168091,-385.8538818359375,-381.2994079589844,-4.554473876953125
404,404.0,0.680518388748169,0.7177467346191406,-385.75518798828125,-381.3026123046875,-4.45257568359375
405,405.0,0.6820564270019531,0.7165577411651611,-388.29296875,-383.7663269042969,-4.526641845703125
406,406.0,0.6846070289611816,0.7110440135002136,-391.1377868652344,-386.55963134765625,-4.578155517578125
407,407.0,0.6855670213699341,0.7045547962188721,-393.10693359375,-388.4776611328125,-4.6292724609375
408,408.0,0.6883180737495422,0.6984111666679382,-393.83160400390625,-389.244140625,-4.58746337890625
409,409.0,0.691506028175354,0.6954693794250488,-395.24859619140625,-390.60205078125,-4.64654541015625
410,410.0,0.6839855909347534,0.7001058459281921,-396.52313232421875,-391.951904296875,-4.57122802734375
411,411.0,0.6898763179779053,0.6880991458892822,-398.8759765625,-394.25250244140625,-4.62347412109375
412,412.0,0.6917287111282349,0.6906312704086304,-400.83563232421875,-396.178466796875,-4.65716552734375
413,413.0,0.6935768127441406,0.6854201555252075,-402.24627685546875,-397.56781005859375,-4.678466796875
414,414.0,0.696406364440918,0.6807330846786499,-404.25604248046875,-399.56158447265625,-4.6944580078125
415,415.0,0.7002984881401062,0.6795912981033325,-406.09674072265625,-401.39129638671875,-4.7054443359375
416,416.0,0.697529673576355,0.6841554641723633,-406.83966064453125,-402.1573486328125,-4.68231201171875
417,417.0,0.6959800720214844,0.6892304420471191,-408.845703125,-404.1094055175781,-4.736297607421875
418,418.0,0.6985311508178711,0.6850156784057617,-411.5772705078125,-406.8359375,-4.7413330078125
419,419.0,0.6957018971443176,0.6877887845039368,-413.13262939453125,-408.3903503417969,-4.742279052734375
420,420.0,0.6983975172042847,0.6827155351638794,-413.51397705078125,-408.7633972167969,-4.750579833984375
421,421.0,0.6973282694816589,0.6842082738876343,-416.1339111328125,-411.3524169921875,-4.781494140625
422,422.0,0.6956766843795776,0.6858959197998047,-417.2410888671875,-412.4854736328125,-4.755615234375
423,423.0,0.6902108788490295,0.6919736862182617,-418.69232177734375,-413.9581298828125,-4.73419189453125
424,424.0,0.6936590075492859,0.6904208660125732,-420.887451171875,-416.13543701171875,-4.75201416015625
425,425.0,0.691548228263855,0.6898939609527588,-422.6542053222656,-417.90673828125,-4.747467041015625
426,426.0,0.6920687556266785,0.68770432472229,-424.0660095214844,-419.290283203125,-4.775726318359375
427,427.0,0.69101482629776,0.6895121335983276,-427.21258544921875,-422.3625183105469,-4.850067138671875
428,428.0,0.6869856119155884,0.6942102909088135,-429.4681701660156,-424.5864562988281,-4.8817138671875
429,429.0,0.6878455877304077,0.6923953890800476,-429.56121826171875,-424.719482421875,-4.84173583984375
430,430.0,0.6879880428314209,0.688593864440918,-428.45721435546875,-423.7564697265625,-4.70074462890625
431,431.0,0.6876415014266968,0.6943634748458862,-433.355712890625,-428.5091552734375,-4.8465576171875
432,432.0,0.6855638027191162,0.6972495913505554,-435.910888671875,-430.9854431152344,-4.925445556640625
433,433.0,0.6857516765594482,0.6986857652664185,-429.67047119140625,-424.53814697265625,-5.13232421875
434,434.0,0.6848241686820984,0.699918270111084,-438.9345703125,-434.03387451171875,-4.90069580078125
435,435.0,0.6838200092315674,0.7044663429260254,-439.78955078125,-434.9355773925781,-4.853973388671875
436,436.0,0.6817344427108765,0.7057784199714661,-442.6019287109375,-437.6913757324219,-4.910552978515625
437,437.0,0.6823974847793579,0.712775707244873,-445.67529296875,-440.71435546875,-4.9609375
438,438.0,0.6787458658218384,0.7112867832183838,-446.43255615234375,-441.48406982421875,-4.948486328125
439,439.0,0.6773486137390137,0.7151747941970825,-446.6718444824219,-441.80096435546875,-4.870880126953125
440,440.0,0.6778202056884766,0.7208659052848816,-450.36492919921875,-445.35406494140625,-5.0108642578125
441,441.0,0.676787793636322,0.7282015681266785,-452.3370361328125,-447.3160400390625,-5.02099609375
442,442.0,0.6743555068969727,0.7315704822540283,-454.228271484375,-449.19061279296875,-5.03765869140625
443,443.0,0.6749715805053711,0.7374000549316406,-456.89019775390625,-451.82989501953125,-5.060302734375
444,444.0,0.6748518347740173,0.7435414791107178,-458.0836181640625,-453.05572509765625,-5.02789306640625
445,445.0,0.6706010103225708,0.7423971891403198,-459.84869384765625,-454.816162109375,-5.03253173828125
446,446.0,0.674756646156311,0.7406453490257263,-459.5433044433594,-454.5740966796875,-4.969207763671875
447,447.0,0.6828333139419556,0.7300237417221069,-461.76416015625,-456.76312255859375,-5.00103759765625
448,448.0,0.6730855703353882,0.738266110420227,-464.3819885253906,-459.34051513671875,-5.041473388671875
449,449.0,0.6753931045532227,0.736297607421875,-467.25408935546875,-462.16217041015625,-5.0919189453125
450,450.0,0.675102710723877,0.7318090200424194,-467.93572998046875,-462.8933410644531,-5.042388916015625
451,451.0,0.677361011505127,0.7267446517944336,-470.134765625,-465.0843811035156,-5.050384521484375
452,452.0,0.6867080330848694,0.714220404624939,-471.07574462890625,-466.0328369140625,-5.04290771484375
453,453.0,0.6881736516952515,0.716362714767456,-472.8890380859375,-467.8214111328125,-5.067626953125
454,454.0,0.6918449401855469,0.7054368257522583,-473.6736755371094,-468.64971923828125,-5.023956298828125
455,455.0,0.6966805458068848,0.6986941695213318,-473.0968933105469,-468.00823974609375,-5.088653564453125
456,456.0,0.700406551361084,0.6996243000030518,-475.4773864746094,-470.4478454589844,-5.029541015625
457,457.0,0.6996726989746094,0.6850177049636841,-478.5196533203125,-473.5009765625,-5.0186767578125
458,458.0,0.6963273286819458,0.6820604801177979,-480.4939880371094,-475.45977783203125,-5.034210205078125
459,459.0,0.6920100450515747,0.6752182245254517,-481.8883056640625,-476.8219909667969,-5.066314697265625
460,460.0,0.6892104148864746,0.6745798587799072,-474.56988525390625,-469.825439453125,-4.74444580078125
461,461.0,0.6824303269386292,0.6716680526733398,-482.1397705078125,-477.22198486328125,-4.91778564453125
462,462.0,0.6877342462539673,0.6675852537155151,-487.585205078125,-482.45843505859375,-5.12677001953125
463,463.0,0.6774970293045044,0.6756137609481812,-488.04119873046875,-482.98748779296875,-5.0537109375
464,464.0,0.6814862489700317,0.6714802980422974,-492.2400207519531,-487.0231018066406,-5.2169189453125
465,465.0,0.682888925075531,0.6661070585250854,-493.83740234375,-488.6271057128906,-5.210296630859375
466,466.0,0.6814936399459839,0.6648187637329102,-495.32867431640625,-490.06402587890625,-5.2646484375
467,467.0,0.6909576654434204,0.6638131737709045,-497.04351806640625,-491.8583068847656,-5.185211181640625
468,468.0,0.6860902905464172,0.6710214614868164,-499.5318603515625,-494.3069152832031,-5.224945068359375
469,469.0,0.685117781162262,0.68901526927948,-501.76763916015625,-496.4771728515625,-5.29046630859375
470,470.0,0.6873984932899475,0.6936242580413818,-503.56890869140625,-498.2296447753906,-5.339263916015625
471,471.0,0.6869863271713257,0.7169771194458008,-505.85382080078125,-500.5558776855469,-5.297943115234375
472,472.0,0.681933581829071,0.7368643283843994,-506.8052673339844,-501.51959228515625,-5.285675048828125
473,473.0,0.6775608062744141,0.7515328526496887,-509.35540771484375,-504.05902099609375,-5.29638671875
474,474.0,0.673179030418396,0.7633640766143799,-510.5943298339844,-505.32916259765625,-5.265167236328125
475,475.0,0.6804624795913696,0.7535480856895447,-512.442138671875,-507.17718505859375,-5.26495361328125
476,476.0,0.6718918085098267,0.7775503993034363,-514.5692749023438,-509.2803039550781,-5.288970947265625
477,477.0,0.678331732749939,0.7582553625106812,-516.0794677734375,-510.7965087890625,-5.282958984375
478,478.0,0.6749354600906372,0.7584761381149292,-517.9535522460938,-512.6707153320312,-5.2828369140625
479,479.0,0.6661526560783386,0.7549760341644287,-520.9329833984375,-515.6151123046875,-5.31787109375
480,480.0,0.675679087638855,0.7228158712387085,-511.10675048828125,-506.2729797363281,-4.833770751953125
481,481.0,0.6793195009231567,0.7159286141395569,-515.9595947265625,-510.99798583984375,-4.96160888671875
482,482.0,0.6848803162574768,0.7048446536064148,-522.6947021484375,-517.4972534179688,-5.19744873046875
483,483.0,0.6882506608963013,0.6944990754127502,-524.0048828125,-518.7534790039062,-5.25140380859375
484,484.0,0.6909246444702148,0.6680709719657898,-525.858154296875,-520.5941772460938,-5.26397705078125
485,485.0,0.6988210678100586,0.6568474769592285,-526.5616455078125,-521.3997802734375,-5.161865234375
486,486.0,0.6964681148529053,0.654909610748291,-530.4056396484375,-525.1803588867188,-5.22528076171875
487,487.0,0.6911123991012573,0.6571261286735535,-526.9879150390625,-521.951416015625,-5.0364990234375
488,488.0,0.6927390098571777,0.6471089124679565,-534.1572265625,-528.8577270507812,-5.29949951171875
489,489.0,0.6914417743682861,0.6452605724334717,-535.673095703125,-530.4295043945312,-5.24359130859375
490,490.0,0.686982274055481,0.6468988656997681,-538.7379150390625,-533.460205078125,-5.2777099609375
491,491.0,0.686318039894104,0.6507835388183594,-541.5991821289062,-536.2532958984375,-5.34588623046875
492,492.0,0.6897900104522705,0.6528196334838867,-544.075439453125,-538.7208862304688,-5.35455322265625
493,493.0,0.6875373721122742,0.6671808958053589,-546.30908203125,-540.953369140625,-5.355712890625
494,494.0,0.6831706762313843,0.6813451051712036,-548.0897827148438,-542.6884765625,-5.40130615234375
495,495.0,0.6865826845169067,0.6803727746009827,-550.6741943359375,-545.2410888671875,-5.43310546875
496,496.0,0.6859966516494751,0.688666582107544,-551.7094116210938,-546.2933349609375,-5.41607666015625
497,497.0,0.6864675283432007,0.6905307769775391,-554.4971313476562,-549.0379028320312,-5.459228515625
498,498.0,0.6901670694351196,0.7064367532730103,-555.9835815429688,-550.497802734375,-5.48577880859375
499,499.0,0.6869659423828125,0.713677704334259,-558.27880859375,-552.8145751953125,-5.4642333984375
500,500.0,0.6823450326919556,0.7249139547348022,-559.6655883789062,-554.2325439453125,-5.43304443359375
501,501.0,0.6893714070320129,0.7210499048233032,-560.8148193359375,-555.391845703125,-5.4229736328125
502,502.0,0.6768051385879517,0.734276533126831,-563.0101318359375,-557.5906982421875,-5.41943359375
503,503.0,0.6832602024078369,0.7235726118087769,-564.73486328125,-559.3307495117188,-5.40411376953125
504,504.0,0.6789523363113403,0.7257720232009888,-566.3485107421875,-560.93115234375,-5.4173583984375
505,505.0,0.6779677271842957,0.7137683629989624,-567.845458984375,-562.4048461914062,-5.44061279296875
506,506.0,0.6775466799736023,0.7165256142616272,-570.3646850585938,-564.9241333007812,-5.4405517578125
507,507.0,0.6753822565078735,0.7057803869247437,-572.0901489257812,-566.6444091796875,-5.44573974609375
508,508.0,0.6785164475440979,0.7022039890289307,-574.857177734375,-569.3585205078125,-5.4986572265625
509,509.0,0.6839374303817749,0.6977173686027527,-576.0501098632812,-570.570556640625,-5.47955322265625
510,510.0,0.6802546977996826,0.7051576375961304,-579.4320678710938,-573.884033203125,-5.54803466796875
511,511.0,0.6866276264190674,0.69399094581604,-581.2991333007812,-575.76416015625,-5.53497314453125
512,512.0,0.6875689029693604,0.6826257109642029,-582.81982421875,-577.265625,-5.55419921875
513,513.0,0.6899528503417969,0.6879259347915649,-585.26123046875,-579.7028198242188,-5.55841064453125
514,514.0,0.6861027479171753,0.6868374347686768,-578.5146484375,-572.7283935546875,-5.7862548828125
515,515.0,0.6958658695220947,0.6738064289093018,-588.9378662109375,-583.33642578125,-5.6014404296875
516,516.0,0.6920777559280396,0.6629806756973267,-590.4279174804688,-584.8199462890625,-5.60797119140625
517,517.0,0.6894586682319641,0.6673917174339294,-593.438232421875,-587.7930908203125,-5.6451416015625
518,518.0,0.6932659149169922,0.6612736582756042,-594.7755737304688,-589.1508178710938,-5.624755859375
519,519.0,0.6895046234130859,0.6623455882072449,-594.532958984375,-588.7619018554688,-5.77105712890625
520,520.0,0.6909103989601135,0.6672525405883789,-598.9732666015625,-593.3109741210938,-5.66229248046875
521,521.0,0.6922891736030579,0.6748249530792236,-599.9151611328125,-594.3208618164062,-5.59429931640625
522,522.0,0.6845830678939819,0.6819347143173218,-602.7999267578125,-597.1304931640625,-5.66943359375
523,523.0,0.6832398176193237,0.6782869100570679,-604.0858154296875,-598.4356689453125,-5.650146484375
524,524.0,0.6858102679252625,0.6855149865150452,-606.16650390625,-600.5587158203125,-5.6077880859375
525,525.0,0.6820253133773804,0.6938074231147766,-608.622314453125,-602.981689453125,-5.640625
526,526.0,0.6765126585960388,0.6970099210739136,-611.5487060546875,-605.869140625,-5.6795654296875
527,527.0,0.6874408721923828,0.7007714509963989,-613.541015625,-607.84326171875,-5.69775390625
528,528.0,0.6757399439811707,0.7172020673751831,-614.952880859375,-609.28857421875,-5.664306640625
529,529.0,0.6832233667373657,0.7148441672325134,-616.128662109375,-610.5010986328125,-5.6275634765625
530,530.0,0.6914225220680237,0.732021689414978,-618.2404174804688,-612.5932006835938,-5.647216796875
531,531.0,0.6816274523735046,0.7327235341072083,-619.5079956054688,-613.8802490234375,-5.62774658203125
532,532.0,0.6851937770843506,0.7375380396842957,-622.7225341796875,-617.0595703125,-5.6629638671875
533,533.0,0.6893310546875,0.724761962890625,-624.8489990234375,-619.224609375,-5.6243896484375
534,534.0,0.6898271441459656,0.7288870215415955,-626.6075439453125,-620.9967651367188,-5.61077880859375
535,535.0,0.6828847527503967,0.7114129066467285,-628.9712524414062,-623.3277587890625,-5.64349365234375
536,536.0,0.6804834604263306,0.7219523787498474,-631.3831787109375,-625.6984252929688,-5.68475341796875
537,537.0,0.6787875890731812,0.7264492511749268,-633.547119140625,-627.7971801757812,-5.74993896484375
538,538.0,0.6768025159835815,0.7216020822525024,-635.766845703125,-630.0997314453125,-5.6671142578125
539,539.0,0.6747145056724548,0.7259430885314941,-636.6122436523438,-630.947509765625,-5.66473388671875
540,540.0,0.6781659126281738,0.7117948532104492,-638.0826416015625,-632.401611328125,-5.6810302734375
541,541.0,0.6818965673446655,0.7121899127960205,-641.0477905273438,-635.3544921875,-5.69329833984375
542,542.0,0.6728085279464722,0.713768720626831,-644.02734375,-638.292724609375,-5.734619140625
543,543.0,0.6770460605621338,0.7126305103302002,-646.353271484375,-640.5748291015625,-5.7784423828125
544,544.0,0.6830700039863586,0.7103705406188965,-648.4642944335938,-642.6370849609375,-5.82720947265625
545,545.0,0.6805382966995239,0.7084523439407349,-650.4071044921875,-644.5838623046875,-5.8232421875
546,546.0,0.6859171390533447,0.7079737782478333,-650.3214111328125,-644.5753173828125,-5.74609375
547,547.0,0.6792058944702148,0.7106335163116455,-654.6981201171875,-648.8429565429688,-5.85516357421875
548,548.0,0.6942092776298523,0.7053472995758057,-655.4122314453125,-649.5902099609375,-5.822021484375
549,549.0,0.6839495897293091,0.7083575129508972,-656.471435546875,-650.6082153320312,-5.86322021484375
550,550.0,0.6883316040039062,0.697251558303833,-658.6272583007812,-652.7428588867188,-5.8843994140625
551,551.0,0.6900622248649597,0.699100136756897,-660.88427734375,-655.0115966796875,-5.8726806640625
552,552.0,0.6814220547676086,0.697832465171814,-661.8760375976562,-656.06005859375,-5.81597900390625
553,553.0,0.6880560517311096,0.6939908266067505,-665.409423828125,-659.5174560546875,-5.8919677734375
554,554.0,0.6816174983978271,0.696923017501831,-661.0350341796875,-655.3946533203125,-5.640380859375
555,555.0,0.6854298114776611,0.6929225921630859,-666.4493408203125,-660.7151489257812,-5.73419189453125
556,556.0,0.6829853057861328,0.6968797445297241,-668.72119140625,-662.927490234375,-5.793701171875
557,557.0,0.683093786239624,0.689876914024353,-669.4478759765625,-663.7091064453125,-5.73876953125
558,558.0,0.6820263862609863,0.6821104288101196,-673.9039306640625,-668.0394897460938,-5.86444091796875
559,559.0,0.6805391907691956,0.6959943175315857,-677.2650756835938,-671.365966796875,-5.89910888671875
560,560.0,0.6792815327644348,0.6998109817504883,-673.4085693359375,-667.2566528320312,-6.15191650390625
561,561.0,0.7029913663864136,0.6695631146430969,-680.466796875,-674.609619140625,-5.857177734375
562,562.0,0.6856037974357605,0.6973288059234619,-681.0521240234375,-675.2237548828125,-5.828369140625
563,563.0,0.6906613111495972,0.6861885786056519,-685.9765625,-680.0958251953125,-5.8807373046875
564,564.0,0.6883377432823181,0.6910760402679443,-687.3632202148438,-681.5330810546875,-5.83013916015625
565,565.0,0.6897658109664917,0.6938681602478027,-687.5861206054688,-681.8424072265625,-5.74371337890625
566,566.0,0.6902370452880859,0.6986100673675537,-690.1251220703125,-684.3745727539062,-5.75054931640625
567,567.0,0.6905823349952698,0.6927344799041748,-692.9178466796875,-687.1278076171875,-5.7900390625
568,568.0,0.6863454580307007,0.7094469666481018,-695.451416015625,-689.6509399414062,-5.80047607421875
569,569.0,0.6896175146102905,0.6916322112083435,-697.0087280273438,-691.2597045898438,-5.7490234375
570,570.0,0.6863605380058289,0.706213116645813,-697.9757690429688,-692.227783203125,-5.74798583984375
571,571.0,0.6758949756622314,0.7080312967300415,-702.0625,-696.2604370117188,-5.80206298828125
572,572.0,0.6772646903991699,0.6987451314926147,-706.5047607421875,-700.6090087890625,-5.895751953125
573,573.0,0.6760413646697998,0.7078138589859009,-707.0526123046875,-701.2355346679688,-5.81707763671875
574,574.0,0.6760300397872925,0.6999614238739014,-709.5965576171875,-703.682861328125,-5.9136962890625
575,575.0,0.686597466468811,0.682823657989502,-712.260498046875,-706.3657836914062,-5.89471435546875
576,576.0,0.6735296845436096,0.7030715942382812,-715.5997924804688,-709.6572265625,-5.94256591796875
577,577.0,0.6770999431610107,0.6986798048019409,-716.2308349609375,-710.30078125,-5.9300537109375
578,578.0,0.6770561337471008,0.693991482257843,-719.9330444335938,-713.9815673828125,-5.95147705078125
579,579.0,0.6786471009254456,0.6915796995162964,-723.5665893554688,-717.529541015625,-6.03704833984375
580,580.0,0.6881252527236938,0.690648078918457,-724.8760375976562,-718.839599609375,-6.03643798828125
581,581.0,0.6764323711395264,0.6977360248565674,-728.0496826171875,-721.9776611328125,-6.072021484375
582,582.0,0.681442141532898,0.6834959387779236,-729.39599609375,-723.285400390625,-6.110595703125
583,583.0,0.6930122375488281,0.6881177425384521,-730.72900390625,-724.665283203125,-6.063720703125
584,584.0,0.6933561563491821,0.6923452615737915,-732.4981689453125,-726.372314453125,-6.1258544921875
585,585.0,0.686722993850708,0.6997115612030029,-734.4195556640625,-728.3294677734375,-6.090087890625
586,586.0,0.7066963911056519,0.6923915147781372,-735.996826171875,-729.850341796875,-6.146484375
587,587.0,0.6975210905075073,0.7072152495384216,-739.1015625,-732.954345703125,-6.147216796875
588,588.0,0.7001409530639648,0.7128877639770508,-741.3848876953125,-735.2715454101562,-6.11334228515625
589,589.0,0.6923447847366333,0.7328420877456665,-744.0584716796875,-737.927734375,-6.1307373046875
590,590.0,0.6972087621688843,0.7219812273979187,-746.6215209960938,-740.488525390625,-6.13299560546875
591,591.0,0.6920875310897827,0.73624187707901,-749.343017578125,-743.199951171875,-6.14306640625
592,592.0,0.6872900724411011,0.7396172285079956,-751.8471069335938,-745.677490234375,-6.16961669921875
593,593.0,0.6807760000228882,0.7357766032218933,-754.323486328125,-748.098876953125,-6.224609375
594,594.0,0.6784337759017944,0.7299633622169495,-756.014892578125,-749.8500366210938,-6.16485595703125
595,595.0,0.6754895448684692,0.7306424379348755,-757.8306884765625,-751.6900634765625,-6.140625
596,596.0,0.68503737449646,0.7105381488800049,-761.1141357421875,-754.9346923828125,-6.179443359375
597,597.0,0.674004316329956,0.7184704542160034,-761.8966064453125,-755.755859375,-6.1407470703125
598,598.0,0.6816822290420532,0.6981234550476074,-766.0128173828125,-759.7257080078125,-6.287109375
599,599.0,0.6813843846321106,0.6969996690750122,-767.40380859375,-761.1805419921875,-6.2232666015625
600,600.0,0.6668086647987366,0.7010568380355835,-768.462646484375,-762.2901000976562,-6.17254638671875
601,601.0,0.6815321445465088,0.6792441606521606,-772.125,-765.871826171875,-6.253173828125
602,602.0,0.6640305519104004,0.699673056602478,-771.568359375,-765.4442138671875,-6.1241455078125
603,603.0,0.6693383455276489,0.6882859468460083,-775.79541015625,-769.5536499023438,-6.24176025390625
604,604.0,0.661363959312439,0.6992613077163696,-779.2777099609375,-773.0224609375,-6.2552490234375
605,605.0,0.6527833938598633,0.7121618986129761,-780.9703369140625,-774.688720703125,-6.2816162109375
606,606.0,0.6581315994262695,0.7204146385192871,-784.3936767578125,-778.093505859375,-6.3001708984375
607,607.0,0.6648809909820557,0.7105319499969482,-787.16064453125,-780.7923583984375,-6.3682861328125
608,608.0,0.6657536029815674,0.7188360691070557,-789.25439453125,-782.921875,-6.33251953125
609,609.0,0.6726561784744263,0.7129033803939819,-791.6333618164062,-785.3011474609375,-6.33221435546875
610,610.0,0.6735870242118835,0.7128284573554993,-793.9996948242188,-787.6563720703125,-6.34332275390625
611,611.0,0.6829994916915894,0.7105910778045654,-796.4415283203125,-790.1008911132812,-6.34063720703125
612,612.0,0.6922487020492554,0.7091172337532043,-798.593505859375,-792.2665405273438,-6.32696533203125
613,613.0,0.6935221552848816,0.7142900228500366,-800.470458984375,-794.16650390625,-6.303955078125
614,614.0,0.6981958150863647,0.7279627323150635,-802.6751708984375,-796.3474731445312,-6.32769775390625
615,615.0,0.6955516338348389,0.7162383794784546,-804.4881591796875,-798.143310546875,-6.3448486328125
616,616.0,0.6889065504074097,0.7424434423446655,-807.61083984375,-801.300537109375,-6.310302734375
617,617.0,0.6912671327590942,0.7486110925674438,-809.8731689453125,-803.5797119140625,-6.29345703125
618,618.0,0.6896486878395081,0.7501916885375977,-811.8709106445312,-805.571533203125,-6.29937744140625
619,619.0,0.6807569265365601,0.738818883895874,-815.417236328125,-809.0704345703125,-6.3468017578125
620,620.0,0.6747499704360962,0.7615861892700195,-817.069091796875,-810.75830078125,-6.310791015625
621,621.0,0.6832096576690674,0.7479564547538757,-820.1788330078125,-813.8108520507812,-6.36798095703125
622,622.0,0.6694530844688416,0.7600928544998169,-823.2625732421875,-816.889892578125,-6.3726806640625
623,623.0,0.6603754758834839,0.7443532943725586,-825.5538330078125,-819.1727905273438,-6.38104248046875
624,624.0,0.6665143966674805,0.7399790287017822,-828.2689208984375,-821.8677368164062,-6.40118408203125
625,625.0,0.6631056070327759,0.731543779373169,-830.8309326171875,-824.412353515625,-6.4185791015625
626,626.0,0.6594311594963074,0.7294561862945557,-832.353515625,-825.9772338867188,-6.37628173828125
627,627.0,0.6598440408706665,0.7544170618057251,-834.964599609375,-828.5391845703125,-6.4254150390625
628,628.0,0.6678104400634766,0.741291344165802,-837.2741088867188,-830.8363037109375,-6.43780517578125
629,629.0,0.687827467918396,0.7495806813240051,-818.89306640625,-813.1539916992188,-5.73907470703125
630,630.0,0.6980583667755127,0.7118523120880127,-835.8905639648438,-829.6450805664062,-6.2454833984375
631,631.0,0.6801465153694153,0.707720160484314,-829.6319580078125,-823.6776123046875,-5.954345703125
632,632.0,0.7095667123794556,0.6855013370513916,-839.9248046875,-833.3950805664062,-6.52972412109375
633,633.0,0.6999281644821167,0.6742932796478271,-845.1566772460938,-838.7205810546875,-6.43609619140625
634,634.0,0.7029346823692322,0.6601699590682983,-841.8626708984375,-835.4814453125,-6.3812255859375
635,635.0,0.7212539911270142,0.6418642401695251,-839.1903686523438,-833.1219482421875,-6.06842041015625
636,636.0,0.7002030611038208,0.6425857543945312,-841.02001953125,-834.9638061523438,-6.05621337890625
637,637.0,0.69275963306427,0.6288392543792725,-841.583984375,-835.578369140625,-6.005615234375
638,638.0,0.6829928159713745,0.6312615871429443,-840.4405517578125,-834.5340576171875,-5.906494140625
639,639.0,0.6767807006835938,0.6319476366043091,-855.2952270507812,-848.890625,-6.40460205078125
640,640.0,0.6820580959320068,0.6209498643875122,-856.721923828125,-850.4119873046875,-6.3099365234375
641,641.0,0.6765053272247314,0.6360325813293457,-859.9699096679688,-853.5909423828125,-6.37896728515625
642,642.0,0.6630362272262573,0.6488633155822754,-863.6417846679688,-857.2378540039062,-6.4039306640625
643,643.0,0.6741754412651062,0.658406674861908,-868.2889404296875,-861.8072509765625,-6.481689453125
644,644.0,0.6763319969177246,0.67759770154953,-870.8467407226562,-864.3480224609375,-6.49871826171875
645,645.0,0.6738240718841553,0.6738134622573853,-868.9798583984375,-862.4683837890625,-6.511474609375
646,646.0,0.6753050684928894,0.6822521686553955,-873.3792114257812,-866.9461669921875,-6.43304443359375
647,647.0,0.6778140664100647,0.6932341456413269,-877.7107543945312,-871.2293701171875,-6.48138427734375
648,648.0,0.6735953688621521,0.7145509719848633,-879.8192138671875,-873.3397216796875,-6.4794921875
649,649.0,0.6766897439956665,0.7171017527580261,-882.390625,-875.9410400390625,-6.4495849609375
650,650.0,0.6874512434005737,0.7080196142196655,-882.6212158203125,-876.2352905273438,-6.38592529296875
651,651.0,0.6705938577651978,0.7191337943077087,-888.1455078125,-881.6512451171875,-6.4942626953125
652,652.0,0.6801525950431824,0.6931827068328857,-888.8856201171875,-882.409423828125,-6.4761962890625
653,653.0,0.6880643963813782,0.6808585524559021,-878.0459594726562,-871.42236328125,-6.62359619140625
654,654.0,0.7052953243255615,0.6677985191345215,-893.5701293945312,-887.1214599609375,-6.44866943359375
655,655.0,0.6941748261451721,0.6722419261932373,-894.8726806640625,-888.4901123046875,-6.382568359375
656,656.0,0.6880558729171753,0.6723607778549194,-897.3770751953125,-890.9962158203125,-6.380859375
657,657.0,0.6920411586761475,0.6713937520980835,-899.193359375,-892.8821411132812,-6.31121826171875
658,658.0,0.6903132200241089,0.6566572189331055,-903.2699584960938,-896.826171875,-6.44378662109375
659,659.0,0.6828807592391968,0.6694070100784302,-908.4295654296875,-901.908203125,-6.5213623046875
660,660.0,0.6865357160568237,0.6523253917694092,-911.4829711914062,-904.9326171875,-6.55035400390625
661,661.0,0.6850937604904175,0.6552509069442749,-914.4149169921875,-907.8563232421875,-6.55859375
662,662.0,0.681870698928833,0.6480346918106079,-917.724853515625,-911.099853515625,-6.625
663,663.0,0.6739383339881897,0.6722302436828613,-920.1536865234375,-913.54248046875,-6.6112060546875
664,664.0,0.6799845695495605,0.666893482208252,-919.802734375,-913.0953369140625,-6.7073974609375
665,665.0,0.6832355260848999,0.6770515441894531,-925.2919921875,-918.617431640625,-6.674560546875
666,666.0,0.6733770966529846,0.6945520043373108,-924.9439697265625,-918.1094970703125,-6.83447265625
667,667.0,0.6882875561714172,0.6859471797943115,-928.2940673828125,-921.5208740234375,-6.773193359375
668,668.0,0.6746227145195007,0.7014521360397339,-929.2301025390625,-922.4088134765625,-6.8212890625
669,669.0,0.6815809011459351,0.7197298407554626,-933.7171020507812,-926.9327392578125,-6.78436279296875
670,670.0,0.6914709806442261,0.7118242979049683,-936.2252197265625,-929.4869384765625,-6.73828125
671,671.0,0.6973038911819458,0.710464596748352,-937.7894287109375,-931.0184326171875,-6.77099609375
672,672.0,0.6965228915214539,0.7094966769218445,-941.76220703125,-935.0555419921875,-6.7066650390625
673,673.0,0.7034202814102173,0.7097421288490295,-944.6700439453125,-937.9226684570312,-6.74737548828125
674,674.0,0.697730541229248,0.7188377976417542,-946.2990112304688,-939.573974609375,-6.72503662109375
675,675.0,0.6993836760520935,0.7319709062576294,-949.274169921875,-942.5653076171875,-6.7088623046875
676,676.0,0.681242048740387,0.744261622428894,-952.8887939453125,-946.136474609375,-6.7523193359375
677,677.0,0.6985278129577637,0.7639293670654297,-955.2797241210938,-948.5211181640625,-6.75860595703125
678,678.0,0.6777846813201904,0.7738609910011292,-958.4979248046875,-951.7388916015625,-6.759033203125
679,679.0,0.674943208694458,0.7661439180374146,-960.8106689453125,-954.023681640625,-6.7869873046875
680,680.0,0.6735008955001831,0.7704802751541138,-964.20849609375,-957.385009765625,-6.823486328125
681,681.0,0.6696183085441589,0.7760017514228821,-966.0894775390625,-959.2880249023438,-6.80145263671875
682,682.0,0.6692285537719727,0.7606076598167419,-969.6087646484375,-962.7862548828125,-6.822509765625
683,683.0,0.6599768400192261,0.7764050960540771,-972.0140380859375,-965.194580078125,-6.8194580078125
684,684.0,0.6635849475860596,0.7746789455413818,-974.65576171875,-967.8173828125,-6.83837890625
685,685.0,0.6588058471679688,0.7775132656097412,-976.70654296875,-969.878173828125,-6.828369140625
686,686.0,0.6576777696609497,0.7659963369369507,-979.9044189453125,-973.04736328125,-6.8570556640625
687,687.0,0.6627861261367798,0.7504125833511353,-982.4544677734375,-975.616943359375,-6.8375244140625
688,688.0,0.6575472950935364,0.7580974102020264,-985.0526733398438,-978.199951171875,-6.85272216796875
689,689.0,0.6589210629463196,0.740519642829895,-987.0325317382812,-980.1416625976562,-6.890869140625
690,690.0,0.6530101895332336,0.7380965352058411,-990.6320190429688,-983.7249755859375,-6.90704345703125
691,691.0,0.6653448343276978,0.7345722913742065,-991.3140869140625,-984.4886474609375,-6.825439453125
692,692.0,0.6824983358383179,0.6976187229156494,-993.5512084960938,-986.7229614257812,-6.8282470703125
693,693.0,0.6697982549667358,0.7181990146636963,-996.04833984375,-989.18408203125,-6.8642578125
694,694.0,0.6749554872512817,0.7125741839408875,-1000.488525390625,-993.5302124023438,-6.95831298828125
695,695.0,0.6766538619995117,0.712870717048645,-1002.5368041992188,-995.6422729492188,-6.89453125
696,696.0,0.6880167722702026,0.6881377696990967,-1003.2813720703125,-996.4058837890625,-6.87548828125
697,697.0,0.6884618401527405,0.6809073686599731,-1006.8881225585938,-999.9864501953125,-6.90167236328125
698,698.0,0.6889830827713013,0.6985483169555664,-1009.861572265625,-1002.9114990234375,-6.9500732421875
699,699.0,0.6852658987045288,0.7089874148368835,-1012.2216796875,-1005.2858276367188,-6.93585205078125
700,700.0,0.6902523040771484,0.7320636510848999,-1015.2686767578125,-1008.3482666015625,-6.92041015625
701,701.0,0.6895760297775269,0.7357726097106934,-1017.4791259765625,-1010.5775756835938,-6.90155029296875
702,702.0,0.6685178279876709,0.7543164491653442,-1020.1044921875,-1013.2088623046875,-6.8956298828125
703,703.0,0.6808692216873169,0.7619595527648926,-1023.1997680664062,-1016.2609252929688,-6.9388427734375
704,704.0,0.678068995475769,0.7543940544128418,-1025.6173095703125,-1018.7238159179688,-6.89349365234375
705,705.0,0.6708025932312012,0.728592038154602,-1027.3787841796875,-1020.4979248046875,-6.880859375
706,706.0,0.662788987159729,0.7353196144104004,-1031.201416015625,-1024.277587890625,-6.923828125
707,707.0,0.6671438217163086,0.7218406200408936,-1033.0986328125,-1026.1884765625,-6.91015625
708,708.0,0.6646600961685181,0.7194311022758484,-1034.36962890625,-1027.523681640625,-6.845947265625
709,709.0,0.6719779968261719,0.7157310247421265,-1039.478271484375,-1032.552734375,-6.925537109375
710,710.0,0.660854697227478,0.7584851384162903,-1041.4329833984375,-1034.5172119140625,-6.915771484375
711,711.0,0.6659384965896606,0.7437549233436584,-1043.65966796875,-1036.7109375,-6.94873046875
712,712.0,0.6551069021224976,0.7580059766769409,-1047.89892578125,-1040.946533203125,-6.952392578125
713,713.0,0.6658251881599426,0.7297699451446533,-1050.0850830078125,-1043.12646484375,-6.9586181640625
714,714.0,0.65697181224823,0.7411890625953674,-1053.124755859375,-1046.15771484375,-6.967041015625
715,715.0,0.6646628379821777,0.7338956594467163,-1055.4366455078125,-1048.48095703125,-6.9556884765625
716,716.0,0.6741938591003418,0.7172049283981323,-1057.3955078125,-1050.4315185546875,-6.9639892578125
717,717.0,0.6673171520233154,0.7058451175689697,-1059.0125732421875,-1052.10400390625,-6.9085693359375
718,718.0,0.6829378604888916,0.7354132533073425,-1061.728271484375,-1054.7802734375,-6.947998046875
719,719.0,0.6797268390655518,0.6930549144744873,-1065.7650146484375,-1058.7337646484375,-7.03125
720,720.0,0.6903707385063171,0.6943700313568115,-1067.371826171875,-1060.393310546875,-6.978515625
721,721.0,0.6953449249267578,0.6716469526290894,-1070.66748046875,-1063.66943359375,-6.998046875
722,722.0,0.7001368999481201,0.6607658863067627,-1071.1444091796875,-1064.1630859375,-6.9813232421875
723,723.0,0.7072181701660156,0.6608375310897827,-1074.75146484375,-1067.753173828125,-6.998291015625
724,724.0,0.6927489042282104,0.6528849005699158,-1077.866943359375,-1070.843505859375,-7.0234375
725,725.0,0.7084943652153015,0.6477227210998535,-1079.95947265625,-1072.977783203125,-6.981689453125
726,726.0,0.6880523562431335,0.6573523283004761,-1083.3193359375,-1076.2869873046875,-7.0323486328125
727,727.0,0.6866148114204407,0.6621703505516052,-1086.538330078125,-1079.4990234375,-7.039306640625
728,728.0,0.6760321855545044,0.6900206208229065,-1089.208251953125,-1082.1533203125,-7.054931640625
729,729.0,0.6751887798309326,0.6899802684783936,-1089.702392578125,-1082.72705078125,-6.975341796875
730,730.0,0.6773810386657715,0.7012665271759033,-1093.54833984375,-1086.503662109375,-7.044677734375
731,731.0,0.6678434610366821,0.6973985433578491,-1094.77197265625,-1087.7774658203125,-6.9945068359375
732,732.0,0.6520447731018066,0.7109391093254089,-1094.080810546875,-1087.1954345703125,-6.8853759765625
733,733.0,0.6495255827903748,0.707595944404602,-1101.46240234375,-1094.4031982421875,-7.0592041015625
734,734.0,0.6629290580749512,0.6823738813400269,-1104.4090576171875,-1097.35302734375,-7.0560302734375
735,735.0,0.6623188257217407,0.693085789680481,-1106.757080078125,-1099.729736328125,-7.02734375
736,736.0,0.657677412033081,0.6993540525436401,-1110.1552734375,-1103.09619140625,-7.05908203125
737,737.0,0.6600803136825562,0.7052069306373596,-1113.4190673828125,-1106.34033203125,-7.0787353515625
738,738.0,0.663870096206665,0.7066429257392883,-1117.31787109375,-1110.207275390625,-7.110595703125
739,739.0,0.6920558214187622,0.6732468008995056,-1119.5147705078125,-1112.42041015625,-7.0943603515625
740,740.0,0.6866319179534912,0.7032389640808105,-1121.90478515625,-1114.689208984375,-7.215576171875
741,741.0,0.6801061034202576,0.7031354308128357,-1125.835205078125,-1118.71142578125,-7.123779296875
742,742.0,0.6879955530166626,0.6833586692810059,-1126.02197265625,-1118.960205078125,-7.061767578125
743,743.0,0.7085089087486267,0.6900604963302612,-1130.1343994140625,-1123.04443359375,-7.0899658203125
744,744.0,0.7058090567588806,0.6940320730209351,-1133.40771484375,-1126.3128662109375,-7.0948486328125
745,745.0,0.707610547542572,0.6928678750991821,-1135.95361328125,-1128.768798828125,-7.184814453125
746,746.0,0.6989549398422241,0.6949375867843628,-1138.458740234375,-1131.343994140625,-7.11474609375
747,747.0,0.7070375680923462,0.703204870223999,-1139.85546875,-1132.78125,-7.07421875
748,748.0,0.698607325553894,0.7251092195510864,-1140.809326171875,-1133.8260498046875,-6.9832763671875
749,749.0,0.6911256909370422,0.7317829132080078,-1145.927734375,-1138.8594970703125,-7.0682373046875
750,750.0,0.6830781102180481,0.7308937311172485,-1149.777099609375,-1142.6622314453125,-7.1148681640625
751,751.0,0.6870815753936768,0.7228943705558777,-1153.75927734375,-1146.59619140625,-7.1630859375
752,752.0,0.6854881048202515,0.7062675952911377,-1156.9244384765625,-1149.743896484375,-7.1805419921875
753,753.0,0.6923015117645264,0.7037714719772339,-1157.076416015625,-1149.9744873046875,-7.1019287109375
754,754.0,0.6675622463226318,0.6999244093894958,-1160.5223388671875,-1153.3934326171875,-7.12890625
755,755.0,0.6754318475723267,0.7054945230484009,-1165.4971923828125,-1158.2669677734375,-7.230224609375
756,756.0,0.6768251061439514,0.6916666030883789,-1166.8140869140625,-1159.6029052734375,-7.211181640625
757,757.0,0.6735391616821289,0.7138398885726929,-1171.0283203125,-1163.7952880859375,-7.2330322265625
758,758.0,0.6534808874130249,0.729709267616272,-1173.305908203125,-1166.04052734375,-7.265380859375
759,759.0,0.6644638180732727,0.7385643124580383,-1174.361083984375,-1167.178955078125,-7.18212890625
760,760.0,0.6639223694801331,0.7501609325408936,-1179.3218994140625,-1172.0531005859375,-7.268798828125
761,761.0,0.6678513288497925,0.7390276789665222,-1182.479248046875,-1175.1669921875,-7.312255859375
762,762.0,0.6616306304931641,0.7647351622581482,-1184.5771484375,-1177.28369140625,-7.29345703125
763,763.0,0.6555616855621338,0.7579538822174072,-1187.609375,-1180.27099609375,-7.33837890625
764,764.0,0.6733097434043884,0.7382917404174805,-1190.575439453125,-1183.26953125,-7.305908203125
765,765.0,0.6764297485351562,0.7406690716743469,-1192.579833984375,-1185.290771484375,-7.2890625
766,766.0,0.6627241373062134,0.7181240916252136,-1194.6502685546875,-1187.38720703125,-7.2630615234375
767,767.0,0.6641123294830322,0.7198696136474609,-1197.94677734375,-1190.616943359375,-7.329833984375
768,768.0,0.6835576295852661,0.7092748284339905,-1200.4130859375,-1193.0751953125,-7.337890625
769,769.0,0.6743399500846863,0.7006246447563171,-1204.8931884765625,-1197.5242919921875,-7.368896484375
770,770.0,0.6616688966751099,0.7081185579299927,-1207.001953125,-1199.653076171875,-7.348876953125
771,771.0,0.6571500301361084,0.6996262073516846,-1211.310302734375,-1203.94677734375,-7.363525390625
772,772.0,0.662445068359375,0.720484733581543,-1213.2835693359375,-1205.94677734375,-7.3367919921875
773,773.0,0.6739218235015869,0.7436650991439819,-1216.2349853515625,-1208.87109375,-7.3638916015625
774,774.0,0.6568137407302856,0.763394832611084,-1219.5166015625,-1212.1329345703125,-7.3836669921875
775,775.0,0.6703276634216309,0.7698695659637451,-1222.864013671875,-1215.4830322265625,-7.3809814453125
776,776.0,0.6368369460105896,0.8012523055076599,-1225.9454345703125,-1218.546142578125,-7.3992919921875
777,777.0,0.6614079475402832,0.7681332230567932,-1228.4368896484375,-1221.051025390625,-7.3858642578125
778,778.0,0.6519521474838257,0.7633471488952637,-1231.6617431640625,-1224.27783203125,-7.3839111328125
779,779.0,0.6436863541603088,0.7408497929573059,-1234.216552734375,-1226.80859375,-7.407958984375
780,780.0,0.6432623863220215,0.7494574785232544,-1236.831787109375,-1229.435546875,-7.396240234375
781,781.0,0.6613198518753052,0.7338797450065613,-1237.08349609375,-1229.7669677734375,-7.3165283203125
782,782.0,0.6467930674552917,0.747957170009613,-1242.018798828125,-1234.657958984375,-7.36083984375
783,783.0,0.6675963401794434,0.7280702590942383,-1245.781005859375,-1238.363037109375,-7.41796875
784,784.0,0.6561750173568726,0.7202208042144775,-1246.46923828125,-1239.1331787109375,-7.3360595703125
785,785.0,0.6805901527404785,0.6948233842849731,-1248.0897216796875,-1240.797119140625,-7.2926025390625
786,786.0,0.66914963722229,0.7272424697875977,-1253.70654296875,-1246.3017578125,-7.40478515625
787,787.0,0.6882300972938538,0.6980171203613281,-1250.000732421875,-1242.7939453125,-7.206787109375
788,788.0,0.703932523727417,0.7184745073318481,-1258.517822265625,-1251.1400146484375,-7.3778076171875
789,789.0,0.7239927053451538,0.678261399269104,-1262.24560546875,-1254.8359375,-7.40966796875
790,790.0,0.6957967281341553,0.700825572013855,-1263.48974609375,-1256.159423828125,-7.330322265625
791,791.0,0.7088768482208252,0.68367600440979,-1266.5928955078125,-1259.2841796875,-7.3087158203125
792,792.0,0.7201805114746094,0.6300290822982788,-1269.9376220703125,-1262.563720703125,-7.3739013671875
793,793.0,0.697429895401001,0.6724705696105957,-1268.639404296875,-1261.3955078125,-7.243896484375
794,794.0,0.6921966671943665,0.6544127464294434,-1275.822998046875,-1268.42919921875,-7.393798828125
795,795.0,0.6823439598083496,0.6472173929214478,-1276.218505859375,-1268.889404296875,-7.3291015625
796,796.0,0.6854646801948547,0.6718925833702087,-1278.692138671875,-1271.320068359375,-7.3720703125
797,797.0,0.6975333094596863,0.667672336101532,-1284.38916015625,-1276.983154296875,-7.406005859375
798,798.0,0.7008848190307617,0.6606557369232178,-1284.83984375,-1277.532470703125,-7.307373046875
799,799.0,0.7043315768241882,0.6549374461174011,-1286.395751953125,-1279.1058349609375,-7.2899169921875
800,800.0,0.6830512285232544,0.6690312623977661,-1285.7530517578125,-1278.1903076171875,-7.562744140625
801,801.0,0.6880558729171753,0.6730555295944214,-1293.37451171875,-1286.0421142578125,-7.3323974609375
802,802.0,0.6820639967918396,0.6722861528396606,-1295.90576171875,-1288.633544921875,-7.272216796875
803,803.0,0.6630673408508301,0.6909047365188599,-1295.169677734375,-1288.03076171875,-7.138916015625
804,804.0,0.6762490272521973,0.67946857213974,-1302.18896484375,-1294.884765625,-7.30419921875
805,805.0,0.662612795829773,0.6830157041549683,-1288.8526611328125,-1282.08203125,-6.7706298828125
806,806.0,0.6603636741638184,0.6887425184249878,-1305.128662109375,-1297.92431640625,-7.204345703125
807,807.0,0.6825902462005615,0.6840839982032776,-1300.628662109375,-1293.605224609375,-7.0234375
808,808.0,0.6730448007583618,0.7006481885910034,-1312.53173828125,-1305.10986328125,-7.421875
809,809.0,0.6653936505317688,0.7023018598556519,-1315.4638671875,-1308.15576171875,-7.30810546875
810,810.0,0.6772403717041016,0.6989105939865112,-1315.39111328125,-1308.16455078125,-7.2265625
811,811.0,0.6728644371032715,0.6978631019592285,-1321.03857421875,-1313.746337890625,-7.292236328125
812,812.0,0.6738975048065186,0.7075978517532349,-1318.9017333984375,-1311.339111328125,-7.5626220703125
813,813.0,0.6712213754653931,0.6992220878601074,-1326.65771484375,-1319.30029296875,-7.357421875
814,814.0,0.680974543094635,0.6917752027511597,-1329.1923828125,-1321.8690185546875,-7.3233642578125
815,815.0,0.6565923690795898,0.7088428735733032,-1334.0291748046875,-1326.515380859375,-7.5137939453125
816,816.0,0.6688796281814575,0.6899769306182861,-1337.71875,-1330.3095703125,-7.4091796875
817,817.0,0.6887432336807251,0.6756260395050049,-1341.078125,-1333.68408203125,-7.39404296875
818,818.0,0.6717290878295898,0.7169817686080933,-1343.2288818359375,-1335.843505859375,-7.3853759765625
819,819.0,0.6791738271713257,0.7066060900688171,-1350.8836669921875,-1343.336181640625,-7.5474853515625
820,820.0,0.6912671327590942,0.6898404359817505,-1351.0247802734375,-1343.55810546875,-7.4666748046875
821,821.0,0.6807370185852051,0.6879528760910034,-1348.53076171875,-1341.2880859375,-7.24267578125
822,822.0,0.6659128069877625,0.728751003742218,-1358.3504638671875,-1350.715087890625,-7.6353759765625
823,823.0,0.6806166768074036,0.7366348505020142,-1361.57763671875,-1354.01708984375,-7.560546875
824,824.0,0.6728883981704712,0.7135037183761597,-1364.408447265625,-1356.75830078125,-7.650146484375
825,825.0,0.6828184723854065,0.712720513343811,-1365.805419921875,-1358.3360595703125,-7.4693603515625
826,826.0,0.7149335145950317,0.6914618015289307,-1369.324462890625,-1361.8194580078125,-7.5050048828125
827,827.0,0.6876116991043091,0.7260847091674805,-1375.20703125,-1367.600830078125,-7.606201171875
828,828.0,0.696143627166748,0.7061922550201416,-1377.294189453125,-1369.72509765625,-7.569091796875
829,829.0,0.7017620205879211,0.7050690650939941,-1380.995849609375,-1373.37939453125,-7.616455078125
830,830.0,0.7021064758300781,0.6926788687705994,-1385.5718994140625,-1377.917236328125,-7.6546630859375
831,831.0,0.685413122177124,0.7222775220870972,-1389.1512451171875,-1381.505126953125,-7.6461181640625
832,832.0,0.7105720043182373,0.7053090929985046,-1392.040283203125,-1384.390380859375,-7.64990234375
833,833.0,0.6979571580886841,0.7041407823562622,-1395.109130859375,-1387.4459228515625,-7.6632080078125
834,834.0,0.7070410251617432,0.7108855843544006,-1398.04736328125,-1390.381591796875,-7.665771484375
835,835.0,0.7008378505706787,0.6995331048965454,-1400.837890625,-1393.086181640625,-7.751708984375
836,836.0,0.7196593880653381,0.6798621416091919,-1405.131591796875,-1397.4114990234375,-7.7200927734375
837,837.0,0.6977565288543701,0.6875415444374084,-1407.8712158203125,-1400.1480712890625,-7.72314453125
838,838.0,0.7181142568588257,0.666901171207428,-1411.0517578125,-1403.3311767578125,-7.7205810546875
839,839.0,0.6910895109176636,0.6976407766342163,-1413.39501953125,-1405.691162109375,-7.703857421875
840,840.0,0.6940479278564453,0.7151246070861816,-1417.775390625,-1410.005126953125,-7.770263671875
841,841.0,0.6743860244750977,0.7171775102615356,-1421.0941162109375,-1413.3447265625,-7.7493896484375
842,842.0,0.6814810633659363,0.7057517766952515,-1423.700927734375,-1415.9677734375,-7.733154296875
843,843.0,0.6684998869895935,0.7356925010681152,-1425.7376708984375,-1418.01904296875,-7.7186279296875
844,844.0,0.672026515007019,0.7421201467514038,-1427.76025390625,-1420.080810546875,-7.679443359375
845,845.0,0.6670637130737305,0.7265931963920593,-1432.7093505859375,-1424.982666015625,-7.7266845703125
846,846.0,0.6692830324172974,0.7285770773887634,-1436.5166015625,-1428.7412109375,-7.775390625
847,847.0,0.6641974449157715,0.7279230356216431,-1437.995849609375,-1430.2977294921875,-7.6981201171875
848,848.0,0.6596365571022034,0.7411713600158691,-1442.506103515625,-1434.7506103515625,-7.7554931640625
849,849.0,0.6501514315605164,0.7632219195365906,-1446.500732421875,-1438.67724609375,-7.823486328125
850,850.0,0.6505207419395447,0.7757255434989929,-1450.2095947265625,-1442.4078369140625,-7.8017578125
851,851.0,0.6616251468658447,0.7694389224052429,-1451.643798828125,-1443.889404296875,-7.75439453125
852,852.0,0.6596649885177612,0.759753406047821,-1456.785888671875,-1448.962646484375,-7.8232421875
853,853.0,0.6425865888595581,0.8032773733139038,-1460.47705078125,-1452.652099609375,-7.824951171875
854,854.0,0.6445246934890747,0.7989078760147095,-1463.03173828125,-1455.1929931640625,-7.8387451171875
855,855.0,0.6555792093276978,0.7970495820045471,-1467.111083984375,-1459.2769775390625,-7.8341064453125
856,856.0,0.6437435746192932,0.8003823757171631,-1470.0264892578125,-1462.178955078125,-7.8475341796875
857,857.0,0.6558249592781067,0.8125628232955933,-1473.61181640625,-1465.736083984375,-7.875732421875
858,858.0,0.6502468585968018,0.785889744758606,-1476.8399658203125,-1468.96484375,-7.8751220703125
859,859.0,0.6594928503036499,0.7997793555259705,-1480.12255859375,-1472.239501953125,-7.883056640625
860,860.0,0.6535071730613708,0.7899285554885864,-1482.36328125,-1474.51220703125,-7.85107421875
861,861.0,0.6585320234298706,0.7853553295135498,-1486.114501953125,-1478.244384765625,-7.8701171875
862,862.0,0.6424640417098999,0.7782121896743774,-1489.4439697265625,-1481.576416015625,-7.8675537109375
863,863.0,0.6520541906356812,0.758892297744751,-1493.212158203125,-1485.3009033203125,-7.9112548828125
864,864.0,0.6383435726165771,0.7909509539604187,-1496.0296630859375,-1488.118408203125,-7.9112548828125
865,865.0,0.6304949522018433,0.7934997081756592,-1499.797607421875,-1491.87353515625,-7.924072265625
866,866.0,0.6510444283485413,0.7656750679016113,-1502.488037109375,-1494.565673828125,-7.92236328125
867,867.0,0.6306084394454956,0.7765038013458252,-1503.395751953125,-1495.517578125,-7.878173828125
868,868.0,0.637022078037262,0.7719323635101318,-1508.70556640625,-1500.7606201171875,-7.9449462890625
869,869.0,0.6436188220977783,0.7751113176345825,-1510.560302734375,-1502.670654296875,-7.8896484375
870,870.0,0.6474310159683228,0.7393274903297424,-1514.2265625,-1506.3134765625,-7.9130859375
871,871.0,0.6133766174316406,0.7624797821044922,-1517.110595703125,-1509.205322265625,-7.9052734375
872,872.0,0.6218621134757996,0.774565577507019,-1520.648193359375,-1512.726806640625,-7.92138671875
873,873.0,0.6186808347702026,0.7440698146820068,-1524.03662109375,-1516.117431640625,-7.919189453125
874,874.0,0.6263697147369385,0.7701057195663452,-1528.0416259765625,-1520.09521484375,-7.9464111328125
875,875.0,0.6313499808311462,0.7440520524978638,-1530.850830078125,-1522.9053955078125,-7.9454345703125
876,876.0,0.6585121154785156,0.778523325920105,-1533.026123046875,-1525.10986328125,-7.916259765625
877,877.0,0.6294333338737488,0.7688583135604858,-1537.187744140625,-1529.2379150390625,-7.9498291015625
878,878.0,0.6936137080192566,0.7730058431625366,-1538.930908203125,-1531.03466796875,-7.896240234375
879,879.0,0.6628146171569824,0.7683078050613403,-1542.0576171875,-1534.07373046875,-7.98388671875
880,880.0,0.6880748867988586,0.7668323516845703,-1545.855712890625,-1537.9053955078125,-7.9503173828125
881,881.0,0.7008750438690186,0.6917576789855957,-1545.052001953125,-1537.27490234375,-7.777099609375
882,882.0,0.6874476671218872,0.711347222328186,-1542.119873046875,-1534.514404296875,-7.60546875
883,883.0,0.7047408819198608,0.6939293742179871,-1550.759521484375,-1543.004638671875,-7.7548828125
884,884.0,0.6859830617904663,0.6769486665725708,-1553.2978515625,-1545.56591796875,-7.73193359375
885,885.0,0.6924353837966919,0.6991668343544006,-1557.284912109375,-1549.498291015625,-7.78662109375
886,886.0,0.7083139419555664,0.6844443082809448,-1561.2265625,-1553.43701171875,-7.78955078125
887,887.0,0.6919419765472412,0.6855894327163696,-1561.73779296875,-1554.00927734375,-7.728515625
888,888.0,0.6908972263336182,0.6644600033760071,-1561.961181640625,-1554.0712890625,-7.889892578125
889,889.0,0.6858642101287842,0.6325358748435974,-1538.1314697265625,-1531.348876953125,-6.7825927734375
890,890.0,0.7171546220779419,0.5907097458839417,-1562.7060546875,-1555.295166015625,-7.410888671875
891,891.0,0.6401336193084717,0.6584928035736084,-1560.209228515625,-1552.855712890625,-7.353515625
892,892.0,0.6667730808258057,0.642542839050293,-1575.821044921875,-1568.073974609375,-7.7470703125
893,893.0,0.6374058723449707,0.670818567276001,-1577.448486328125,-1569.7969970703125,-7.6514892578125
894,894.0,0.6382866501808167,0.6920052766799927,-1583.803466796875,-1576.066650390625,-7.73681640625
895,895.0,0.6553137302398682,0.6544163227081299,-1584.2529296875,-1576.190673828125,-8.062255859375
896,896.0,0.6539949178695679,0.690144956111908,-1592.0472412109375,-1584.14892578125,-7.8983154296875
897,897.0,0.6637817025184631,0.6932661533355713,-1594.414306640625,-1586.4599609375,-7.954345703125
898,898.0,0.6871737837791443,0.7090697884559631,-1602.009765625,-1594.08056640625,-7.92919921875
899,899.0,0.6651808619499207,0.7242180109024048,-1602.017578125,-1594.200439453125,-7.817138671875
900,900.0,0.6966233849525452,0.6960299015045166,-1608.2847900390625,-1600.383056640625,-7.9017333984375
901,901.0,0.7058437466621399,0.6829270124435425,-1611.127197265625,-1603.186279296875,-7.94091796875
902,902.0,0.6977271437644958,0.7145041227340698,-1615.244384765625,-1607.296875,-7.947509765625
903,903.0,0.7057115435600281,0.727446436882019,-1617.352783203125,-1609.3525390625,-8.000244140625
904,904.0,0.6937739253044128,0.719845712184906,-1622.072021484375,-1614.1473388671875,-7.9246826171875
905,905.0,0.7014312744140625,0.7280129194259644,-1626.280029296875,-1618.329345703125,-7.95068359375
906,906.0,0.6814723610877991,0.7469965219497681,-1630.4503173828125,-1622.4718017578125,-7.978515625
907,907.0,0.7067434787750244,0.7536723017692566,-1634.3621826171875,-1626.3602294921875,-8.001953125
908,908.0,0.6833995580673218,0.7468785047531128,-1637.2310791015625,-1629.229736328125,-8.0013427734375
909,909.0,0.6977212429046631,0.7352062463760376,-1641.986083984375,-1633.950439453125,-8.03564453125
910,910.0,0.6820582151412964,0.7460117936134338,-1646.310302734375,-1638.25390625,-8.056396484375
911,911.0,0.6661127805709839,0.7312777042388916,-1649.45654296875,-1641.3975830078125,-8.0589599609375
912,912.0,0.6671420335769653,0.7644646763801575,-1653.1279296875,-1645.01806640625,-8.10986328125
913,913.0,0.6787841320037842,0.7299209237098694,-1656.37255859375,-1648.3043212890625,-8.0682373046875
914,914.0,0.6695516109466553,0.7249680757522583,-1651.1312255859375,-1643.294921875,-7.8363037109375
915,915.0,0.6832294464111328,0.6864937543869019,-1663.4384765625,-1655.314208984375,-8.124267578125
916,916.0,0.6691388487815857,0.705009937286377,-1665.4356689453125,-1657.355224609375,-8.0804443359375
917,917.0,0.6591172218322754,0.7327476739883423,-1670.15380859375,-1662.033447265625,-8.120361328125
918,918.0,0.6651979684829712,0.707952618598938,-1674.1905517578125,-1666.04541015625,-8.1451416015625
919,919.0,0.6583938598632812,0.7101054787635803,-1677.6669921875,-1669.517333984375,-8.149658203125
920,920.0,0.6731016635894775,0.7463956475257874,-1681.459228515625,-1673.294189453125,-8.1650390625
921,921.0,0.646814227104187,0.7881761193275452,-1685.034912109375,-1676.843994140625,-8.19091796875
922,922.0,0.6497176885604858,0.7802904844284058,-1688.7335205078125,-1680.5242919921875,-8.209228515625
923,923.0,0.672290563583374,0.772710919380188,-1691.4576416015625,-1683.234375,-8.2232666015625
924,924.0,0.6671513319015503,0.7610987424850464,-1695.4501953125,-1687.2591552734375,-8.1910400390625
925,925.0,0.6756564974784851,0.7587273120880127,-1698.839111328125,-1690.6318359375,-8.207275390625
926,926.0,0.6674838662147522,0.7873153686523438,-1702.5450439453125,-1694.34716796875,-8.1978759765625
927,927.0,0.6823429465293884,0.7840445041656494,-1706.4990234375,-1698.30224609375,-8.19677734375
928,928.0,0.666259765625,0.7846266031265259,-1709.25244140625,-1701.0321044921875,-8.2203369140625
929,929.0,0.6723992228507996,0.7781552076339722,-1713.1204833984375,-1704.9007568359375,-8.2197265625
930,930.0,0.6657383441925049,0.7714409828186035,-1715.5445556640625,-1707.323974609375,-8.2205810546875
931,931.0,0.6762557029724121,0.7718647718429565,-1720.222900390625,-1711.961181640625,-8.26171875
932,932.0,0.6860727071762085,0.7584590911865234,-1720.62255859375,-1712.44287109375,-8.1796875
933,933.0,0.676221489906311,0.7675129175186157,-1723.6884765625,-1715.541748046875,-8.146728515625
934,934.0,0.6840476393699646,0.7650765180587769,-1730.1759033203125,-1721.9027099609375,-8.273193359375
935,935.0,0.6510009765625,0.7693578600883484,-1732.370361328125,-1724.124755859375,-8.24560546875
936,936.0,0.6480764150619507,0.8145818710327148,-1736.695068359375,-1728.46044921875,-8.234619140625
937,937.0,0.6392869353294373,0.7973207831382751,-1740.122802734375,-1731.87744140625,-8.245361328125
